date,tmax
2013-01-01,36.73897135926533
2013-01-02,34.63731071539129
2013-01-03,27.231149690704413
2013-01-04,26.681135466552227
2013-01-05,31.345464465202628
2013-01-06,34.394474785356365
2013-01-07,28.74825047421401
2013-01-08,28.475007434230037
2013-01-09,35.34288909564694
2013-01-10,37.347656009823886
2013-01-11,31.341846599641727
2013-01-12,35.672828936160215
2013-01-13,38.81174581647641
2013-01-14,37.196754844113606
2013-01-15,38.5582425692484
2013-01-16,31.43633583155013
2013-01-17,34.89304178319837
2013-01-18,37.72447537675862
2013-01-19,31.70039050425207
2013-01-20,30.576970438147914
2013-01-21,24.02040629072272
2013-01-22,23.454217335702285
2013-01-23,25.10023812616912
2013-01-24,24.873782619767702
2013-01-25,30.663251042555004
2013-01-26,34.335431459648035
2013-01-27,38.06785796760537
2013-01-28,39.74858143833357
2013-01-29,
2013-01-30,
2013-01-31,
2013-02-01,37.564930552197495
2013-02-02,31.12981415924969
2013-02-03,38.58007929597604
2013-02-04,41.412629284323344
2013-02-05,44.451481208651934
2013-02-06,37.36635071838785
2013-02-07,30.58204661101088
2013-02-08,28.19947963464581
2013-02-09,32.067896039370105
2013-02-10,35.04878421590419
2013-02-11,41.843548102049816
2013-02-12,37.127013843991016
2013-02-13,34.35487378587588
2013-02-14,44.980568527869615
2013-02-15,41.96096454797278
2013-02-16,37.6937525468157
2013-02-17,33.29678847964587
2013-02-18,34.652757326734964
2013-02-19,38.30292298931965
2013-02-20,49.46707529938764
2013-02-21,47.96518224532001
2013-02-22,57.25421516027074
2013-02-23,51.35714862425668
2013-02-24,40.61574057353186
2013-02-25,37.79719132347025
2013-02-26,39.31205230263981
2013-02-27,48.507596230038516
2013-02-28,46.19911640354992
2013-02-29,
2013-02-30,
2013-02-31,
2013-03-01,40.67498269299141
2013-03-02,42.317141225525276
2013-03-03,34.49281075050398
2013-03-04,37.253414468771545
2013-03-05,47.52891610799433
2013-03-06,41.38468513671419
2013-03-07,47.289116640354756
2013-03-08,45.68400276162455
2013-03-09,47.778074414172494
2013-03-10,50.069067929703465
2013-03-11,43.42094514805476
2013-03-12,53.25800496000822
2013-03-13,52.70599959118182
2013-03-14,56.20419667388993
2013-03-15,48.68831143635721
2013-03-16,56.76933405381146
2013-03-17,63.10274433848272
2013-03-18,55.5887009148662
2013-03-19,44.29175799416746
2013-03-20,51.5707162636553
2013-03-21,45.09719373363293
2013-03-22,47.97371523734755
2013-03-23,51.861083018918436
2013-03-24,63.71639994388075
2013-03-25,66.74669041087873
2013-03-26,66.29216105548171
2013-03-27,76.75076362761055
2013-03-28,66.5042902736772
2013-03-29,
2013-03-30,
2013-03-31,
2013-04-01,69.71161591095255
2013-04-02,51.63874176444642
2013-04-03,64.10273808724142
2013-04-04,73.15780690536424
2013-04-05,69.26091210895386
2013-04-06,72.26767104895137
2013-04-07,79.59322079053682
2013-04-08,75.87522544522754
2013-04-09,75.63296019245568
2013-04-10,69.05350692901905
2013-04-11,64.78666783029072
2013-04-12,62.542902571856004
2013-04-13,77.03059460410992
2013-04-14,72.24781145690726
2013-04-15,75.74509321614191
2013-04-16,74.73812107751013
2013-04-17,73.77673010438501
2013-04-18,75.18001079168583
2013-04-19,74.22299850592259
2013-04-20,72.3665430501572
2013-04-21,74.76767646648119
2013-04-22,76.00550870682649
2013-04-23,97.00169294443916
2013-04-24,71.59681592623417
2013-04-25,66.65858483834043
2013-04-26,79.40033731217777
2013-04-27,74.54065767152048
2013-04-28,78.67534931768809
2013-04-29,
2013-04-30,
2013-04-31,
2013-05-01,75.55038262435691
2013-05-02,84.65349193129337
2013-05-03,85.82334132418977
2013-05-04,91.91267015742777
2013-05-05,87.81889448191627
2013-05-06,89.22731966627651
2013-05-07,82.5603612942469
2013-05-08,79.66595469907273
2013-05-09,75.08269849355028
2013-05-10,88.19654664158642
2013-05-11,80.3795045872687
2013-05-12,73.93914511082643
2013-05-13,77.54106178859941
2013-05-14,73.16670763564595
2013-05-15,81.35334656433442
2013-05-16,80.88081534003753
2013-05-17,84.16834508950599
2013-05-18,88.93707601835457
2013-05-19,82.78754941286813
2013-05-20,86.25982960352854
2013-05-21,69.56782047554894
2013-05-22,78.78029384726149
2013-05-23,82.79907959187008
2013-05-24,81.36305065070553
2013-05-25,84.72589389224409
2013-05-26,83.22056218504578
2013-05-27,80.4408567632547
2013-05-28,85.43977970742677
2013-05-29,
2013-05-30,
2013-05-31,
2013-06-01,83.35333826265635
2013-06-02,83.67794840465841
2013-06-03,76.15518629366699
2013-06-04,83.65094380804793
2013-06-05,87.17482778140058
2013-06-06,81.08954406273322
2013-06-07,81.98744004841535
2013-06-08,84.33011250864813
2013-06-09,85.3800113951217
2013-06-10,83.79336221197968
2013-06-11,87.49536906127977
2013-06-12,91.44981521856218
2013-06-13,86.92989353754497
2013-06-14,85.1562979050164
2013-06-15,83.76514388781672
2013-06-16,92.45475639788059
2013-06-17,92.94383733822323
2013-06-18,98.01835527213665
2013-06-19,92.62068283193359
2013-06-20,88.27614899057221
2013-06-21,93.10956314938964
2013-06-22,90.93113767353209
2013-06-23,94.02714426870314
2013-06-24,80.2166288513933
2013-06-25,91.02579899878677
2013-06-26,83.14920604535024
2013-06-27,77.07027866796241
2013-06-28,73.24931006921408
2013-06-29,
2013-06-30,
2013-06-31,
2013-07-01,89.11417838284353
2013-07-02,90.03820806490695
2013-07-03,90.9326237426832
2013-07-04,84.72982043697445
2013-07-05,87.86422580965645
2013-07-06,89.53585045947638
2013-07-07,85.10772862904767
2013-07-08,90.32595207820835
2013-07-09,68.70494447491103
2013-07-10,87.26122059036854
2013-07-11,92.6161080336772
2013-07-12,91.89879301466922
2013-07-13,82.16804421494639
2013-07-14,79.2742374208583
2013-07-15,80.49222291232506
2013-07-16,85.7842482193888
2013-07-17,83.00202297171253
2013-07-18,84.99599608183125
2013-07-19,91.57420401452957
2013-07-20,88.32688849619642
2013-07-21,82.22811186877624
2013-07-22,88.69885539212275
2013-07-23,89.40790569363304
2013-07-24,79.11636554041358
2013-07-25,85.7969291280643
2013-07-26,85.70672271452557
2013-07-27,98.53969033065356
2013-07-28,85.94361754887609
2013-07-29,
2013-07-30,
2013-07-31,
2013-08-01,81.51184649278524
2013-08-02,86.33253502370447
2013-08-03,85.05979678985958
2013-08-04,89.85728579962736
2013-08-05,81.08039590849879
2013-08-06,85.9975805619342
2013-08-07,85.36551750915012
2013-08-08,84.85096793809274
2013-08-09,85.74476462261916
2013-08-10,86.56023843305631
2013-08-11,84.24568307042844
2013-08-12,79.07858162308564
2013-08-13,86.51146657678102
2013-08-14,73.78797451851169
2013-08-15,83.80957661292922
2013-08-16,86.41728848974232
2013-08-17,76.01299388023409
2013-08-18,74.00073280804891
2013-08-19,86.08022270177948
2013-08-20,79.4524722561855
2013-08-21,75.53017867624523
2013-08-22,76.77787731958945
2013-08-23,83.92192960327432
2013-08-24,82.07003846677345
2013-08-25,83.62533742757404
2013-08-26,84.25024677165945
2013-08-27,84.43523258259867
2013-08-28,87.19048078185709
2013-08-29,
2013-08-30,
2013-08-31,
2013-09-01,73.71320897858945
2013-09-02,78.21742201510351
2013-09-03,75.96795520774877
2013-09-04,71.94126161001898
2013-09-05,69.95295841402115
2013-09-06,66.78624907134662
2013-09-07,77.00703207147312
2013-09-08,75.79906433710212
2013-09-09,84.91281652747186
2013-09-10,77.23987541875546
2013-09-11,77.83554717800084
2013-09-12,73.20331418593415
2013-09-13,71.24614004568578
2013-09-14,72.46726769299241
2013-09-15,74.73636912132024
2013-09-16,74.56543013348309
2013-09-17,71.9924275901967
2013-09-18,73.99984257300659
2013-09-19,70.4045759561497
2013-09-20,74.54866645903759
2013-09-21,68.28191788823537
2013-09-22,79.0739336814893
2013-09-23,81.58117065834129
2013-09-24,75.0355220270551
2013-09-25,68.64129379815576
2013-09-26,72.9950026426761
2013-09-27,66.23519287506696
2013-09-28,65.74318587546607
2013-09-29,
2013-09-30,
2013-09-31,
2013-10-01,75.8216959257139
2013-10-02,72.43168027228434
2013-10-03,78.02000308182522
2013-10-04,63.67935562597357
2013-10-05,68.03334971206198
2013-10-06,71.96715991196878
2013-10-07,65.36190991306069
2013-10-08,69.62926154075846
2013-10-09,72.03281661425473
2013-10-10,68.31962945790366
2013-10-11,71.10758196059507
2013-10-12,74.35101859949758
2013-10-13,68.34264029289088
2013-10-14,68.57616409915076
2013-10-15,58.892274405927154
2013-10-16,59.240379169228106
2013-10-17,61.003046406813155
2013-10-18,62.0000110762491
2013-10-19,66.30105224550579
2013-10-20,72.6259857074499
2013-10-21,56.38158263246055
2013-10-22,58.54645882398077
2013-10-23,62.64905278636196
2013-10-24,66.01785503383522
2013-10-25,73.50567914144112
2013-10-26,57.75616098587805
2013-10-27,64.55799322189095
2013-10-28,69.76226705109045
2013-10-29,
2013-10-30,
2013-10-31,
2013-11-01,62.999820829075745
2013-11-02,63.67820508127711
2013-11-03,52.99036533742922
2013-11-04,36.88369034481356
2013-11-05,45.983853181973714
2013-11-06,52.89225277724993
2013-11-07,48.8312563625449
2013-11-08,58.70895184094146
2013-11-09,51.84636986912816
2013-11-10,45.12914080385554
2013-11-11,41.954447854912345
2013-11-12,49.94291149262354
2013-11-13,48.46749475312093
2013-11-14,50.70101114312088
2013-11-15,40.70903398006513
2013-11-16,46.287933966163436
2013-11-17,48.99990584861565
2013-11-18,53.9999978010804
2013-11-19,49.240387698899404
2013-11-20,48.79433449610757
2013-11-21,50.153976039575774
2013-11-22,43.99437937670949
2013-11-23,42.10505642170918
2013-11-24,44.0066642088462
2013-11-25,42.742200639426045
2013-11-26,42.458433736137664
2013-11-27,56.598126682836636
2013-11-28,42.35279951779879
2013-11-29,
2013-11-30,
2013-11-31,
2013-12-01,31.603362941582603
2013-12-02,31.88973445308239
2013-12-03,36.00401616889007
2013-12-04,40.49159553667473
2013-12-05,36.008808325946205
2013-12-06,41.97644088906539
2013-12-07,35.734118629233706
2013-12-08,29.630090515712308
2013-12-09,32.29772966878544
2013-12-10,36.1267613138721
2013-12-11,34.02651669944155
2013-12-12,33.62702994558681
2013-12-13,29.528055531606856
2013-12-14,33.219684170395546
2013-12-15,38.94294758497807
2013-12-16,36.57328101055085
2013-12-17,33.99981528963133
2013-12-18,32.99999863928807
2013-12-19,30.256914565577656
2013-12-20,28.905134191739226
2013-12-21,34.9735187780441
2013-12-22,25.45770118300136
2013-12-23,16.807128883123017
2013-12-24,25.002148678579804
2013-12-25,26.717840509146857
2013-12-26,27.32741029730532
2013-12-27,34.046765084371835
2013-12-28,29.255745279845254
2013-12-29,
2013-12-30,
2013-12-31,
2014-01-01,36.82854583132356
2014-01-02,34.848803155597444
2014-01-03,27.22915045733161
2014-01-04,26.425069254995346
2014-01-05,31.34009453426959
2014-01-06,34.34865089994171
2014-01-07,28.71006444313117
2014-01-08,27.65899981592024
2014-01-09,34.634168110218354
2014-01-10,37.44073765895655
2014-01-11,31.324320522421907
2014-01-12,36.31136502328271
2014-01-13,38.11090101389192
2014-01-14,37.021782005866214
2014-01-15,39.067993600042186
2014-01-16,31.59611352117897
2014-01-17,34.89330569904073
2014-01-18,37.72447536458695
2014-01-19,31.13689898647528
2014-01-20,30.504404639657288
2014-01-21,23.601211431322717
2014-01-22,23.92004451313259
2014-01-23,25.658524243676208
2014-01-24,24.874984804674273
2014-01-25,31.050114383809305
2014-01-26,33.942062936510865
2014-01-27,36.21072468737861
2014-01-28,39.268731630646684
2014-01-29,
2014-01-30,
2014-01-31,
2014-02-01,38.15505157260835
2014-02-02,31.15108566394351
2014-02-03,38.58193087589762
2014-02-04,42.067973394074
2014-02-05,44.456870111176606
2014-02-06,37.34657302498118
2014-02-07,30.79973194209191
2014-02-08,29.536325584429665
2014-02-09,30.96594203337181
2014-02-10,35.1436128185775
2014-02-11,41.860348534871825
2014-02-12,37.72429248102739
2014-02-13,32.98002566630485
2014-02-14,45.216027332205066
2014-02-15,41.912007124935215
2014-02-16,38.14148347314221
2014-02-17,33.2967115560998
2014-02-18,34.65275702101996
2014-02-19,38.042505555756456
2014-02-20,49.3915684560481
2014-02-21,47.762454870868396
2014-02-22,56.22636757798136
2014-02-23,53.47237909823678
2014-02-24,40.616851225493825
2014-02-25,38.617362351059825
2014-02-26,39.74764819933663
2014-02-27,43.53226200181253
2014-02-28,46.52441932346896
2014-02-29,
2014-02-30,
2014-02-31,
2014-03-01,40.833972836666774
2014-03-02,42.06762257534125
2014-03-03,34.49175198334357
2014-03-04,37.1289430851995
2014-03-05,47.52484509444791
2014-03-06,41.347636420479844
2014-03-07,46.85235478980396
2014-03-08,46.28931708901793
2014-03-09,46.462333010976685
2014-03-10,50.17407240305878
2014-03-11,43.408435952924435
2014-03-12,53.98919429463761
2014-03-13,53.93182304922592
2014-03-14,55.99228554788667
2014-03-15,49.16866617645178
2014-03-16,57.00192186831403
2014-03-17,63.10280489954168
2014-03-18,55.58870084099144
2014-03-19,44.852262525193005
2014-03-20,51.53207282674193
2014-03-21,46.000722240632754
2014-03-22,48.792286265584
2014-03-23,52.81328917435784
2014-03-24,63.71738170091918
2014-03-25,67.33953620204855
2014-03-26,65.59816221917728
2014-03-27,77.62550193746594
2014-03-28,65.86053909134215
2014-03-29,
2014-03-30,
2014-03-31,
2014-04-01,70.613082527148
2014-04-02,51.73213659801834
2014-04-03,64.10402500617872
2014-04-04,72.47303974785315
2014-04-05,69.26508831836152
2014-04-06,72.23517255346555
2014-04-07,80.26441616836463
2014-04-08,72.66643357092252
2014-04-09,75.21936950609923
2014-04-10,69.19952291431154
2014-04-11,64.8000658976505
2014-04-12,63.23072049108099
2014-04-13,79.35093404460258
2014-04-14,72.54541741041865
2014-04-15,75.67489017520592
2014-04-16,75.40129574990863
2014-04-17,73.77676890130897
2014-04-18,75.18001067352192
2014-04-19,74.62393662693492
2014-04-20,72.36249724767862
2014-04-21,73.37527887098973
2014-04-22,74.83142584437735
2014-04-23,100.26629884443881
2014-04-24,71.59743925861575
2014-04-25,67.80077148292611
2014-04-26,80.20278693959357
2014-04-27,83.12167844382766
2014-04-28,79.117745404197
2014-04-29,
2014-04-30,
2014-04-31,
2014-05-01,75.90758769828972
2014-05-02,85.05454274501423
2014-05-03,85.82222739861119
2014-05-04,92.72217142808685
2014-05-05,87.8151662573317
2014-05-06,89.17249702427222
2014-05-07,82.09920116668887
2014-05-08,79.64450138282797
2014-05-09,76.42887178864669
2014-05-10,88.34944166352156
2014-05-11,80.36757646034856
2014-05-12,74.53529347286967
2014-05-13,75.63876332142524
2014-05-14,72.94580242018951
2014-05-15,81.95259916459213
2014-05-16,81.14631607955984
2014-05-17,84.16832653210955
2014-05-18,88.93707597240349
2014-05-19,82.06277174069528
2014-05-20,86.30678520463941
2014-05-21,69.86676104171622
2014-05-22,79.93544774483682
2014-05-23,84.05432384186044
2014-05-24,81.3634501508885
2014-05-25,85.24553018912736
2014-05-26,82.42471279243384
2014-05-27,82.59915366255208
2014-05-28,84.77678452154329
2014-05-29,
2014-05-30,
2014-05-31,
2014-06-01,84.25681000178224
2014-06-02,83.37548961106488
2014-06-03,76.15582637635892
2014-06-04,83.74391370072938
2014-06-05,87.1774373969002
2014-06-06,81.06019111351799
2014-06-07,82.167464599684
2014-06-08,87.52975795056659
2014-06-09,87.83184804225128
2014-06-10,83.93337801407156
2014-06-11,87.50468900381429
2014-06-12,91.9147928651746
2014-06-13,85.20742082702381
2014-06-14,85.43251554089558
2014-06-15,83.70368860935706
2014-06-16,93.06843294137943
2014-06-17,92.943862225128
2014-06-18,98.01835524086269
2014-06-19,92.2316684160995
2014-06-20,88.36848961060667
2014-06-21,94.1605020478298
2014-06-22,89.722817058328
2014-06-23,96.61473877984491
2014-06-24,80.2168512661882
2014-06-25,92.26341342534649
2014-06-26,83.91611803735131
2014-06-27,69.96823507826333
2014-06-28,73.57827723058327
2014-06-29,
2014-06-30,
2014-06-31,
2014-07-01,89.5700022828433
2014-07-02,89.77931466739169
2014-07-03,90.93212729320992
2014-07-04,84.11821120887069
2014-07-05,87.8623713058612
2014-07-06,89.49743980330473
2014-07-07,85.17222400761246
2014-07-08,89.49028553534119
2014-07-09,70.1899897196261
2014-07-10,87.38497434432469
2014-07-11,92.60902833162164
2014-07-12,92.10153187051058
2014-07-13,84.20901827616464
2014-07-14,79.08273990284785
2014-07-15,80.93505589767382
2014-07-16,86.00870736220156
2014-07-17,83.00202285687213
2014-07-18,84.99599606979426
2014-07-19,92.13736636374772
2014-07-20,88.45474039065216
2014-07-21,80.89457717467819
2014-07-22,89.81680833345337
2014-07-23,90.52726874345207
2014-07-24,79.11648930832908
2014-07-25,86.15040697960663
2014-07-26,84.95815818148462
2014-07-27,92.89782788285036
2014-07-28,85.40909790941888
2014-07-29,
2014-07-30,
2014-07-31,
2014-08-01,82.26443006017094
2014-08-02,86.72519243625985
2014-08-03,85.0600974104803
2014-08-04,90.21921318459995
2014-08-05,81.08160193161994
2014-08-06,85.97329781460337
2014-08-07,85.14191127696253
2014-08-08,82.37149628870604
2014-08-09,85.98740022833253
2014-08-10,86.6753485674469
2014-08-11,84.25030527126384
2014-08-12,79.04292860143372
2014-08-13,87.55681081791046
2014-08-14,73.97655717158463
2014-08-15,83.76105685975845
2014-08-16,86.84689159507867
2014-08-17,76.01299534644139
2014-08-18,74.00073280267047
2014-08-19,86.36120740568876
2014-08-20,79.59153499200103
2014-08-21,76.20418341071945
2014-08-22,75.9004536797935
2014-08-23,85.81146340480112
2014-08-24,82.07011094644817
2014-08-25,84.5320445968549
2014-08-26,84.95940614073895
2014-08-27,90.88200149986105
2014-08-28,87.50326165790634
2014-08-29,
2014-08-30,
2014-08-31,
2014-09-01,74.09797516645487
2014-09-02,78.2794471493848
2014-09-03,75.96778107844786
2014-09-04,72.13463513284748
2014-09-05,69.95222516703467
2014-09-06,66.76597303728623
2014-09-07,77.25735041183319
2014-09-08,76.98943069672504
2014-09-09,83.61374362589396
2014-09-10,77.32893739062756
2014-09-11,77.83248238176381
2014-09-12,72.99913731277219
2014-09-13,69.6431870349151
2014-09-14,72.32731519914216
2014-09-15,75.04354666063722
2014-09-16,74.72026215805309
2014-09-17,71.99243017142872
2014-09-18,73.99984257040171
2014-09-19,70.1051625029031
2014-09-20,74.6946875394064
2014-09-21,68.55125000210039
2014-09-22,79.93083861387062
2014-09-23,82.42477075448024
2014-09-24,75.03555942277833
2014-09-25,68.82356068089356
2014-09-26,72.41272214437015
2014-09-27,71.93482244525111
2014-09-28,65.41551708822837
2014-09-29,
2014-09-30,
2014-09-31,
2014-10-01,76.42635250409178
2014-10-02,72.10463476817942
2014-10-03,78.0201190261881
2014-10-04,63.376000371552045
2014-10-05,68.03385235759876
2014-10-06,71.95161544155826
2014-10-07,65.17669246496554
2014-10-08,71.14431675248744
2014-10-09,70.40663813641929
2014-10-10,68.39225853821695
2014-10-11,71.10959150194721
2014-10-12,73.99877795056976
2014-10-13,67.9558344093268
2014-10-14,68.7143332125645
2014-10-15,58.865446336003686
2014-10-16,59.46119450313334
2014-10-17,61.0030463295584
2014-10-18,62.00001107517436
2014-10-19,66.13524235016331
2014-10-20,72.77701325587894
2014-10-21,55.70661578300705
2014-10-22,57.97119495456172
2014-10-23,63.80365401249643
2014-10-24,66.01787360554978
2014-10-25,74.14451711733463
2014-10-26,58.19983646988672
2014-10-27,61.838517645551796
2014-10-28,69.96218399141401
2014-10-29,
2014-10-30,
2014-10-31,
2014-11-01,63.323906798695475
2014-11-02,63.750392865697
2014-11-03,52.99031430405866
2014-11-04,36.92805331385357
2014-11-05,45.983613717523966
2014-11-06,52.880771564905956
2014-11-07,48.920024729484176
2014-11-08,57.609155055789024
2014-11-09,51.00935198456696
2014-11-10,45.171291665300075
2014-11-11,41.95359692915672
2014-11-12,49.63073814102957
2014-11-13,49.44969760738539
2014-11-14,50.62278256166892
2014-11-15,40.834063852973685
2014-11-16,46.36391906040042
2014-11-17,48.99990632755042
2014-11-18,53.99999780061963
2014-11-19,49.38601090209215
2014-11-20,48.89782775831284
2014-11-21,50.670502148995936
2014-11-22,44.40439445300558
2014-11-23,42.4647028780056
2014-11-24,44.00667119549876
2014-11-25,42.810554497347844
2014-11-26,42.14911239680899
2014-11-27,51.471620149655905
2014-11-28,42.18365864658771
2014-11-29,
2014-11-30,
2014-11-31,
2014-12-01,31.823607976243768
2014-12-02,32.0085777405935
2014-12-03,36.00403865164749
2014-12-04,40.60257653841936
2014-12-05,36.008940490554586
2014-12-06,41.96959289372021
2014-12-07,35.711582215831534
2014-12-08,29.227533523270946
2014-12-09,32.265446289729084
2014-12-10,36.15754924538087
2014-12-11,34.0270120146343
2014-12-12,33.38128545848926
2014-12-13,29.554819981615662
2014-12-14,33.27247689101162
2014-12-15,38.92902356681326
2014-12-16,36.67560369776021
2014-12-17,33.99981541357028
2014-12-18,32.999998639150085
2014-12-19,30.31479558193572
2014-12-20,28.96562752006789
2014-12-21,34.928628026557476
2014-12-22,25.242686704973305
2014-12-23,17.060768184858365
2014-12-24,25.00215091904893
2014-12-25,26.90495224753635
2014-12-26,27.519002024314734
2014-12-27,34.35883352054541
2014-12-28,29.322722315742425
2014-12-29,
2014-12-30,
2014-12-31,
2015-01-01,37.011123782714755
2015-01-02,34.75892671325428
2015-01-03,27.22913943578164
2015-01-04,26.353259195001574
2015-01-05,31.34001346238801
2015-01-06,34.343278933018716
2015-01-07,28.699696305611358
2015-01-08,28.211169341748786
2015-01-09,35.09610913748292
2015-01-10,37.46900029839895
2015-01-11,31.32399326962937
2015-01-12,36.024068845904466
2015-01-13,37.47200627993589
2015-01-14,36.976173266021966
2015-01-15,39.157671305673965
2015-01-16,31.63698200255847
2015-01-17,34.893305740744765
2015-01-18,37.72447536450928
2015-01-19,31.073470886702705
2015-01-20,30.565577786720265
2015-01-21,23.42937821581273
2015-01-22,24.11181375110588
2015-01-23,25.83957403712301
2015-01-24,24.87498606273378
2015-01-25,31.076394264913397
2015-01-26,33.716235134067624
2015-01-27,39.832003278267
2015-01-28,39.143084111111996
2015-01-29,
2015-01-30,
2015-01-31,
2015-02-01,38.389665668563
2015-02-02,31.077140518227033
2015-02-03,38.58194099941604
2015-02-04,42.05912930488756
2015-02-05,44.4569511672041
2015-02-06,37.342010036564695
2015-02-07,30.82933390141866
2015-02-08,29.735199117702823
2015-02-09,31.539269526979947
2015-02-10,35.16766433379662
2015-02-11,41.86066240605341
2015-02-12,37.41927508546702
2015-02-13,33.06159063159277
2015-02-14,45.27273113003199
2015-02-15,41.900272163148045
2015-02-16,38.221655677171924
2015-02-17,33.29671162093088
2015-02-18,34.652757020984964
2015-02-19,37.987379002563344
2015-02-20,49.48390542983939
2015-02-21,48.211441304618155
2015-02-22,55.818277430193795
2015-02-23,54.133371898582155
2015-02-24,40.616852384923405
2015-02-25,38.83646401416915
2015-02-26,40.001987219895184
2015-02-27,44.58645128361135
2015-02-28,46.60951411574092
2015-02-29,
2015-02-30,
2015-02-31,
2015-03-01,41.02613834113989
2015-03-02,42.209604611517854
2015-03-03,34.491746116193696
2015-03-04,37.20916492412474
2015-03-05,47.52478402219056
2015-03-06,41.34295100587109
2015-03-07,46.799435698665036
2015-03-08,45.43081501223907
2015-03-09,47.03753172167569
2015-03-10,50.20464060076856
2015-03-11,43.408202358260176
2015-03-12,53.56442268928167
2015-03-13,54.67191508860627
2015-03-14,55.93724043397104
2015-03-15,49.25302930237119
2015-03-16,57.059847705494356
2015-03-17,63.10280493087634
2015-03-18,55.58870084096384
2015-03-19,44.91522982487986
2015-03-20,51.61946585633761
2015-03-21,45.802071399821465
2015-03-22,49.1288732896281
2015-03-23,53.121149391355665
2015-03-24,63.71738272746968
2015-03-25,67.36094774479274
2015-03-26,65.1995850607687
2015-03-27,71.34949631880134
2015-03-28,65.69171284118357
2015-03-29,
2015-03-30,
2015-03-31,
2015-04-01,70.99916600165966
2015-04-02,51.77401766751869
2015-04-03,64.10403207467975
2015-04-04,72.37982462538909
2015-04-05,69.26515105364253
2015-04-06,72.22860060232118
2015-04-07,80.34111705431347
2015-04-08,72.59498801208045
2015-04-09,75.20327708292254
2015-04-10,69.23759571621216
2015-04-11,64.80031616789701
2015-04-12,62.7683983767076
2015-04-13,78.98195933707112
2015-04-14,72.6172389332303
2015-04-15,75.65833264566169
2015-04-16,75.52047997335089
2015-04-17,73.77676893653259
2015-04-18,75.18001067350356
2015-04-19,74.70566229009037
2015-04-20,72.47068179158002
2015-04-21,73.14763629359909
2015-04-22,74.36482317940063
2015-04-23,101.28180310443649
2015-04-24,71.5974399096661
2015-04-25,68.11411609616657
2015-04-26,80.67119655488068
2015-04-27,78.89175398209149
2015-04-28,79.23336185553515
2015-04-29,
2015-04-30,
2015-04-31,
2015-05-01,76.24315077236456
2015-05-02,84.76150923665584
2015-05-03,85.82222126391915
2015-05-04,92.6535915835264
2015-05-05,87.81511019909348
2015-05-06,89.1651454814081
2015-05-07,82.05119520988309
2015-05-08,80.95784333991705
2015-05-09,75.57057201025286
2015-05-10,88.39284790765998
2015-05-11,80.36735369061203
2015-05-12,74.05233023953363
2015-05-13,74.85032570068348
2015-05-14,72.88860561576605
2015-05-15,82.05771727217855
2015-05-16,81.21093532049389
2015-05-17,84.1683265584177
2015-05-18,88.93707597239283
2015-05-19,81.98392185341824
2015-05-20,86.41697513820515
2015-05-21,70.37241546168636
2015-05-22,80.41005700631635
2015-05-23,84.45910915424997
2015-05-24,81.36345056846311
2015-05-25,85.24168411773734
2015-05-26,81.96736275771238
2015-05-27,88.04796747772524
2015-05-28,84.60269478173656
2015-05-29,
2015-05-30,
2015-05-31,
2015-06-01,84.66897216498347
2015-06-02,83.43175426872124
2015-06-03,76.15582990527892
2015-06-04,83.86534482741034
2015-06-05,87.17747662058474
2015-06-06,81.05472110519709
2015-06-07,82.1817904883639
2015-06-08,87.23809042012856
2015-06-09,86.55165216524496
2015-06-10,83.97052765417641
2015-06-11,87.50486308452943
2015-06-12,91.41479361636429
2015-06-13,85.71048683733788
2015-06-14,85.49931320543446
2015-06-15,83.68940425796376
2015-06-16,93.17915359367342
2015-06-17,92.9438622363974
2015-06-18,98.01835524085695
2015-06-19,92.15585733537137
2015-06-20,88.46127195486288
2015-06-21,93.64462002624954
2015-06-22,89.24232746804262
2015-06-23,97.41664929640491
2015-06-24,80.21685149854899
2015-06-25,92.61264265202452
2015-06-26,84.36344703643368
2015-06-27,75.24286116647616
2015-06-28,73.66418480383774
2015-06-29,
2015-06-30,
2015-06-31,
2015-07-01,89.93919379318663
2015-07-02,90.04139302704607
2015-07-03,90.93212456172864
2015-07-04,84.08288133228254
2015-07-05,87.86234344326486
2015-07-06,89.49205601450001
2015-07-07,85.18566678359458
2015-07-08,88.31539502661616
2015-07-09,69.54508071017983
2015-07-10,87.41957789298235
2015-07-11,92.60889610621628
2015-07-12,91.70895849744396
2015-07-13,84.85283772609651
2015-07-14,79.0333047691243
2015-07-15,81.01267054721956
2015-07-16,86.06225665919952
2015-07-17,83.00202286620102
2015-07-18,84.99599606979177
2015-07-19,92.19781387237556
2015-07-20,88.52751336790716
2015-07-21,80.89816386721492
2015-07-22,90.27593809265257
2015-07-23,90.8874338013203
2015-07-24,79.11648943767517
2015-07-25,86.12567074250704
2015-07-26,84.52767429655873
2015-07-27,89.5216387024567
2015-07-28,85.26860277006891
2015-07-29,
2015-07-30,
2015-07-31,
2015-08-01,82.62620659595831
2015-08-02,86.56694937575057
2015-08-03,85.06009906683823
2015-08-04,90.14764849651648
2015-08-05,81.08162005399744
2015-08-06,85.96900646967049
2015-08-07,85.11220672882935
2015-08-08,82.88809346746456
2015-08-09,86.07203118826563
2015-08-10,86.70622344355247
2015-08-11,84.25039160421358
2015-08-12,78.80449988561993
2015-08-13,87.00145168296551
2015-08-14,74.02225342219316
2015-08-15,83.74992748380592
2015-08-16,86.92471653708988
2015-08-17,76.01299535049716
2015-08-18,74.00073280266942
2015-08-19,86.41434613179175
2015-08-20,79.63944404802214
2015-08-21,76.55907314739113
2015-08-22,75.55147226397669
2015-08-23,86.3952634683908
2015-08-24,82.07011102217727
2015-08-25,84.79552662438621
2015-08-26,85.37278479765209
2015-08-27,83.61874107871199
2015-08-28,87.58489194564675
2015-08-29,
2015-08-30,
2015-08-31,
2015-09-01,74.38122050824508
2015-09-02,78.12744304652297
2015-09-03,75.96778011948487
2015-09-04,72.19539939560987
2015-09-05,69.95221414737448
2015-09-06,66.76303620924496
2015-09-07,77.28763379809492
2015-09-08,77.74523376954308
2015-09-09,84.41665446829403
2015-09-10,77.3536105988502
2015-09-11,77.83242514058347
2015-09-12,72.87016493731932
2015-09-13,69.28624809713206
2015-09-14,72.29128563860012
2015-09-15,75.09735483385457
2015-09-16,74.75656024408367
2015-09-17,71.99243017372123
2015-09-18,73.99984257040117
2015-09-19,70.0739524817607
2015-09-20,74.72407105047773
2015-09-21,68.1896398664284
2015-09-22,80.28273558943394
2015-09-23,82.69568676712372
2015-09-24,75.03555946185655
2015-09-25,68.79319997791318
2015-09-26,72.07766561495768
2015-09-27,72.46111332401357
2015-09-28,65.32932197248753
2015-09-29,
2015-09-30,
2015-09-31,
2015-10-01,76.72964941021267
2015-10-02,72.28449757498417
2015-10-03,78.02011966463395
2015-10-04,63.37761462702729
2015-10-05,68.0338599114052
2015-10-06,71.94896392259119
2015-10-07,65.15582771410335
2015-10-08,70.58610268755501
2015-10-09,71.23569160667469
2015-10-10,68.4118704119997
2015-10-11,71.10962903545388
2015-10-12,73.95649277782397
2015-10-13,68.38445771452344
2015-10-14,68.747877969135
2015-10-15,58.85936634314492
2015-10-16,59.50136153861075
2015-10-17,61.003046330911076
2015-10-18,62.00001107517414
2015-10-19,66.1049373702042
2015-10-20,72.79168887777405
2015-10-21,55.8184532269055
2015-10-22,57.74242930688603
2015-10-23,64.1595051716542
2015-10-24,66.01787362495507
2015-10-25,74.33584412381447
2015-10-26,58.4583135382867
2015-10-27,67.21520486073534
2015-10-28,70.01433254177647
2015-10-29,
2015-10-30,
2015-10-31,
2015-11-01,63.547516583619405
2015-11-02,63.79955463217327
2015-11-03,52.990314022959566
2015-11-04,36.90437622229257
2015-11-05,45.98361011905319
2015-11-06,52.87906815155768
2015-11-07,48.929170328890564
2015-11-08,57.242289129389114
2015-11-09,51.3607284113619
2015-11-10,45.182902489617796
2015-11-11,41.95358103626418
2015-11-12,49.656555505121744
2015-11-13,49.60253776154442
2015-11-14,50.60269432632019
2015-11-15,40.85595741845373
2015-11-16,46.38146060471064
2015-11-17,48.999906328081295
2015-11-18,53.99999780061953
2015-11-19,49.40086400011008
2015-11-20,48.89930490612901
2015-11-21,50.78487385475958
2015-11-22,44.57281988298369
2015-11-23,42.580008996108106
2015-11-24,44.00667120279951
2015-11-25,42.787787981312825
2015-11-26,41.97102437735182
2015-11-27,52.59555104103237
2015-11-28,42.13913628968036
2015-11-29,
2015-11-30,
2015-11-31,
2015-12-01,31.93790370125255
2015-12-02,31.924730005402225
2015-12-03,36.00403877545838
2015-12-04,40.619223164045344
2015-12-05,36.00894247664645
2015-12-06,41.96845254773118
2015-12-07,35.70996473659211
2015-12-08,29.47438579104165
2015-12-09,32.21915744320642
2015-12-10,36.165897272537656
2015-12-11,34.027021265890035
2015-12-12,33.43031599478554
2015-12-13,29.382927847530173
2015-12-14,33.285317465753415
2015-12-15,38.92590262940072
2015-12-16,36.69429334588685
2015-12-17,33.99981541382141
2015-12-18,32.99999863915006
2015-12-19,30.325112607594328
2015-12-20,28.96219294269505
2015-12-21,34.78005814875853
2015-12-22,25.157227350812054
2015-12-23,17.138783988141707
2015-12-24,25.002150921390022
2015-12-25,26.962729718537933
2015-12-26,27.63056102207391
2015-12-27,31.92365199462545
2015-12-28,29.3401861430965
2015-12-29,
2015-12-30,
2015-12-31,
2016-01-01,37.13150880884002
2016-01-02,34.771739462460786
2016-01-03,27.229139375081896
2016-01-04,26.358570625269127
2016-01-05,31.3400122440657
2016-01-06,34.342467921619466
2016-01-07,28.69781831329689
2016-01-08,28.30566838704389
2016-01-09,34.81524972011175
2016-01-10,37.47675811155352
2016-01-11,31.323987157438946
2016-01-12,36.10497801152656
2016-01-13,37.41730026551252
2016-01-14,36.96448881783847
2016-01-15,39.173371227342436
2016-01-16,31.646289090801112
2016-01-17,34.89330574089438
2016-01-18,37.72447536450928
2016-01-19,31.067199340823827
2016-01-20,30.5581401645455
2016-01-21,23.497189561934853
2016-01-22,24.190639395644503
2016-01-23,25.897536349430386
2016-01-24,24.87498606404837
2016-01-25,31.05845014715162
2016-01-26,33.58615206160352
2016-01-27,38.03145317613114
2016-01-28,39.10999301880267
2016-01-29,
2016-01-30,
2016-01-31,
2016-02-01,38.51472529605112
2016-02-02,31.14791624627589
2016-02-03,38.5819410551708
2016-02-04,42.04068324741398
2016-02-05,44.4569523852868
2016-02-06,37.34126265366993
2016-02-07,30.833213253789392
2016-02-08,29.495602343406148
2016-02-09,31.24739628656365
2016-02-10,35.1742023339173
2016-02-11,41.86066826836514
2016-02-12,37.525332872304396
2016-02-13,33.2320921081008
2016-02-14,45.2865470200709
2016-02-15,41.89766840841135
2016-02-16,38.23635918739881
2016-02-17,33.29671162101091
2016-02-18,34.652757020984964
2016-02-19,37.97781611895765
2016-02-20,49.466902020205744
2016-02-21,48.229647719370156
2016-02-22,55.65622798183012
2016-02-23,54.33635448126913
2016-02-24,40.61685238613492
2016-02-25,38.90621960698744
2016-02-26,40.15001132962786
2016-02-27,47.12894721706009
2016-02-28,46.63169448489587
2016-02-29,
2016-02-30,
2016-02-31,
2016-03-01,41.14879596645505
2016-03-02,42.15564568933842
2016-03-03,34.49174608388212
2016-03-04,37.21451763935308
2016-03-05,47.52478310442593
2016-03-06,41.34223473283197
2016-03-07,46.79310157839907
2016-03-08,45.39416356968735
2016-03-09,46.80039552120291
2016-03-10,50.21301294883559
2016-03-11,43.4081979953372
2016-03-12,53.73728001665409
2016-03-13,54.684878351918066
2016-03-14,55.923168870607654
2016-03-15,49.26779743277706
2016-03-16,57.07288055533996
2016-03-17,63.102804930975104
2016-03-18,55.58870084096384
2016-03-19,44.92127404988959
2016-03-20,51.59779781762244
2016-03-21,45.669560133967025
2016-03-22,49.267366207916744
2016-03-23,53.21958440605113
2016-03-24,63.717382728542326
2016-03-25,67.32109971843552
2016-03-26,64.96988821566887
2016-03-27,76.06395254118323
2016-03-28,65.64723115873849
2016-03-29,
2016-03-30,
2016-03-31,
2016-04-01,71.20931001732649
2016-04-02,51.69242604152698
2016-04-03,64.10403211360874
2016-04-04,72.39640880937222
2016-04-05,69.26515199640014
2016-04-06,72.22753642376638
2016-04-07,80.34970386163864
2016-04-08,73.11706943349851
2016-04-09,75.3285459687643
2016-04-10,69.2479611466554
2016-04-11,64.80032084229718
2016-04-12,62.98353500038783
2016-04-13,78.64027533409437
2016-04-14,72.63476708356636
2016-04-15,75.6546930163967
2016-04-16,75.54242563921517
2016-04-17,73.77676893659674
2016-04-18,75.18001067350356
2016-04-19,74.7195362817658
2016-04-20,72.43641713678153
2016-04-21,73.36386582101986
2016-04-22,74.17978588880166
2016-04-23,101.59324443113476
2016-04-24,71.59743991034641
2016-04-25,68.21693635455223
2016-04-26,80.94368934734791
2016-04-27,76.42005045017021
2016-04-28,79.26348933386312
2016-04-29,
2016-04-30,
2016-04-31,
2016-05-01,76.45234191869216
2016-05-02,84.91710185342497
2016-05-03,85.82222123013345
2016-05-04,92.62952103535736
2016-05-05,87.81510935667366
2016-05-06,89.16401152312065
2016-05-07,82.04633586444005
2016-05-08,80.86569493005122
2016-05-09,76.07977028529152
2016-05-10,88.40472030409981
2016-05-11,80.3673495298642
2016-05-12,74.30760466048248
2016-05-13,74.8974577719324
2016-05-14,72.87401301858046
2016-05-15,82.07611851856359
2016-05-16,81.22531779939123
2016-05-17,84.16832655846234
2016-05-18,88.93707597239283
2016-05-19,81.97662626459277
2016-05-20,86.3733933229096
2016-05-21,70.3119799894321
2016-05-22,80.60561572467188
2016-05-23,84.58838985990369
2016-05-24,81.36345056889945
2016-05-25,85.19188628052564
2016-05-26,81.70368512194666
2016-05-27,81.84392020411578
2016-05-28,84.55681053721159
2016-05-29,
2016-05-30,
2016-05-31,
2016-06-01,84.89696014829764
2016-06-02,83.49041534337805
2016-06-03,76.15582992471377
2016-06-04,83.86566610783272
2016-06-05,87.17747721002216
2016-06-06,81.05384239843822
2016-06-07,82.18265781728141
2016-06-08,86.72724197317591
2016-06-09,87.19059214102552
2016-06-10,83.98065121894591
2016-06-11,87.50486633590332
2016-06-12,91.71694363417916
2016-06-13,86.01064944962604
2016-06-14,85.5156405595515
2016-06-15,83.6862913103918
2016-06-16,93.19962019396692
2016-06-17,92.9438622364273
2016-06-18,98.01835524085695
2016-06-19,92.14327365476964
2016-06-20,88.41559827023926
2016-06-21,93.49937146047256
2016-06-22,89.05212208321024
2016-06-23,97.6623264274437
2016-06-24,80.2168514987918
2016-06-25,92.73067313144169
2016-06-26,84.6235723095498
2016-06-27,75.67828489293079
2016-06-28,73.68656541626736
2016-06-29,
2016-06-30,
2016-06-31,
2016-07-01,90.16539249698168
2016-07-02,89.86268582486522
2016-07-03,90.93212454668536
2016-07-04,84.09886660679074
2016-07-05,87.86234302455792
2016-07-06,89.49122026533402
2016-07-07,85.18789836164859
2016-07-08,88.53487322597607
2016-07-09,69.80125652619404
2016-07-10,87.42903453268484
2016-07-11,92.60889363659471
2016-07-12,91.98646933652617
2016-07-13,84.75174800100137
2016-07-14,79.02071545391439
2016-07-15,81.02625799381812
2016-07-16,86.07406033114952
2016-07-17,83.00202286621628
2016-07-18,84.99599606979177
2016-07-19,92.20318989070064
2016-07-20,88.48226647405554
2016-07-21,81.09975260786446
2016-07-22,90.46546373391688
2016-07-23,91.00234900513857
2016-07-24,79.1164894378103
2016-07-25,86.07721408184709
2016-07-26,84.27939094997173
2016-07-27,96.29365328634287
2016-07-28,85.23156260012186
2016-07-29,
2016-07-30,
2016-07-31,
2016-08-01,82.82881494547955
2016-08-02,86.58158531968199
2016-08-03,85.06009907596034
2016-08-04,90.13593645702213
2016-08-05,81.08162032633277
2016-08-06,85.96832093800751
2016-08-07,85.10837038043184
2016-08-08,83.25503371373249
2016-08-09,85.9223897926753
2016-08-10,86.71464183259268
2016-08-11,84.2503932166872
2016-08-12,79.01234700713509
2016-08-13,86.76787470651354
2016-08-14,74.03343922010488
2016-08-15,83.74752143172078
2016-08-16,86.93915662728796
2016-08-17,76.0129953505058
2016-08-18,74.00073280266942
2016-08-19,86.42299976995544
2016-08-20,79.60032379441088
2016-08-21,76.44540624891548
2016-08-22,75.41363897809934
2016-08-23,86.57396942433658
2016-08-24,82.0701110222564
2016-08-25,84.88715699671097
2016-08-26,85.6130799142353
2016-08-27,85.26370067335739
2016-08-28,87.60615399715464
2016-08-29,
2016-08-30,
2016-08-31,
2016-09-01,74.55254633549436
2016-09-02,78.2657263428236
2016-09-03,75.96778011420356
2016-09-04,72.1914945424966
2016-09-05,69.95221398177573
2016-09-06,66.7625782430586
2016-09-07,77.29123274584339
2016-09-08,77.491800431234
2016-09-09,83.9467135684233
2016-09-10,77.3603498106078
2016-09-11,77.83242407146892
2016-09-12,73.02828271250681
2016-09-13,69.39075487144105
2016-09-14,72.28212566819705
2016-09-15,75.10677562554383
2016-09-16,74.76449185970918
2016-09-17,71.99243017372605
2016-09-18,73.99984257040117
2016-09-19,70.07130520453042
2016-09-20,74.68975309143582
2016-09-21,68.15907537016561
2016-09-22,80.42832688937784
2016-09-23,82.7820487912698
2016-09-24,75.0355594618974
2016-09-25,68.75659158626885
2016-09-26,71.88435289755952
2016-09-27,67.96244072743818
2016-09-28,65.30659229672766
2016-09-29,
2016-09-30,
2016-09-31,
2016-10-01,76.90111597955624
2016-10-02,72.22050066703797
2016-10-03,78.02011966815009
2016-10-04,63.386012830776174
2016-10-05,68.0338600249206
2016-10-06,71.94854200148428
2016-10-07,65.15351366009331
2016-10-08,70.3771599656726
2016-10-09,70.8240673442582
2016-10-10,68.4172196174755
2016-10-11,71.10962973648141
2016-10-12,74.07877712706215
2016-10-13,68.51825717870561
2016-10-14,68.75610044760242
2016-10-15,58.858061660392075
2016-10-16,59.508841457334995
2016-10-17,61.00304633091347
2016-10-18,62.00001107517414
2016-10-19,66.10009662462795
2016-10-20,72.76127210469866
2016-10-21,55.9177208972535
2016-10-22,57.65233112696006
2016-10-23,64.26836171454778
2016-10-24,66.01787362497537
2016-10-25,74.40422593519745
2016-10-26,58.60851498363019
2016-10-27,64.51769615714511
2016-10-28,70.02791324058244
2016-10-29,
2016-10-30,
2016-10-31,
2016-11-01,63.68148196798322
2016-11-02,63.71852537037436
2016-11-03,52.99031402141146
2016-11-04,36.90258720680499
2016-11-05,45.9836100649769
2016-11-06,52.8788016687689
2016-11-07,48.93007921710118
2016-11-08,57.446842459293
2016-11-09,51.22550656473706
2016-11-10,45.186072781306066
2016-11-11,41.95358073942674
2016-11-12,49.71205248828018
2016-11-13,49.52174924260507
2016-11-14,50.59759510439868
2016-11-15,40.859791099282994
2016-11-16,46.385263638939314
2016-11-17,48.99990632808246
2016-11-18,53.99999780061953
2016-11-19,49.40205682264285
2016-11-20,48.881233916752386
2016-11-21,50.70242245606414
2016-11-22,44.642696078520316
2016-11-23,42.61673644268291
2016-11-24,44.006671202807134
2016-11-25,42.76654077699204
2016-11-26,41.86824274978723
2016-11-27,55.18926461858222
2016-11-28,42.12739354144142
2016-11-29,
2016-11-30,
2016-11-31,
2016-12-01,32.002983429625566
2016-12-02,31.96765399142852
2016-12-03,36.00403877614025
2016-12-04,40.61654896009258
2016-12-05,36.008942506492595
2016-12-06,41.96827158834798
2016-12-07,35.70989634890626
2016-12-08,29.522693526780486
2016-12-09,32.274441909356234
2016-12-10,36.168174679413426
2016-12-11,34.027021438679235
2016-12-12,33.45001480063126
2016-12-13,29.34418898089604
2016-12-14,33.2884689523175
2016-12-15,38.925237548357295
2016-12-16,36.697785899001715
2016-12-17,33.99981541382188
2016-12-18,32.99999863915006
2016-12-19,30.32673249771205
2016-12-20,28.953019201864876
2016-12-21,34.791101047182124
2016-12-22,25.123685573975376
2016-12-23,17.162636912423388
2016-12-24,25.002150921392463
2016-12-25,26.98392231808205
2016-12-26,27.695368406235513
2016-12-27,33.77330049361062
2016-12-28,29.344733462613426
2016-12-29,
2016-12-30,
2016-12-31,
2017-01-01,37.2031163699012
2017-01-02,34.793363420500754
2017-01-03,27.22913937474761
2017-01-04,26.360678396935267
2017-01-05,31.340012225757274
2017-01-06,34.34234075799105
2017-01-07,28.69752491295608
2017-01-08,28.2071261397988
2017-01-09,34.97637716600545
2017-01-10,37.47887589489732
2017-01-11,31.323987043279285
2017-01-12,36.10829802431979
2017-01-13,37.47763840597885
2017-01-14,36.96152704909078
2017-01-15,39.17612082164713
2017-01-16,31.648292574080433
2017-01-17,34.89330574089467
2017-01-18,37.72447536450928
2017-01-19,31.06672809492889
2017-01-20,30.550144627173314
2017-01-21,23.52140961431177
2017-01-22,24.22345099089269
2017-01-23,25.91598507372759
2017-01-24,24.874986064049743
2017-01-25,31.04420724625012
2017-01-26,33.511054131636094
2017-01-27,37.00502944931555
2017-01-28,39.10126392013436
2017-01-29,
2017-01-30,
2017-01-31,
2017-02-01,38.58631918171655
2017-02-02,31.10124328948452
2017-02-03,38.581941055477856
2017-02-04,42.04048814684924
2017-02-05,44.456952403591615
2017-02-06,37.34114428152854
2017-02-07,30.833708187660125
2017-02-08,29.480368769871998
2017-02-09,31.3898016305308
2017-02-10,35.17598615837095
2017-02-11,41.86066837785772
2017-02-12,37.51202122083771
2017-02-13,33.258452986233685
2017-02-14,45.28994190893908
2017-02-15,41.89711712390782
2017-02-16,38.239116047406796
2017-02-17,33.29671162101107
2017-02-18,34.652757020984964
2017-02-19,37.97634012454221
2017-02-20,49.45670030958983
2017-02-21,48.160453243782214
2017-02-22,55.59289024672065
2017-02-23,54.39839011258535
2017-02-24,40.61685238613618
2017-02-25,38.93243690528345
2017-02-26,40.23597830460628
2017-02-27,44.20311707988206
2017-02-28,46.63746917963626
2017-02-29,
2017-02-30,
2017-02-31,
2017-03-01,41.2213626126473
2017-03-02,42.157468780219006
2017-03-03,34.491746083704165
2017-03-04,37.21242667948653
2017-03-05,47.524783090634145
2017-03-06,41.34212224324335
2017-03-07,46.79235491133966
2017-03-08,45.53656712603985
2017-03-09,46.88734540836592
2017-03-10,50.21529817407561
2017-03-11,43.40819791384926
2017-03-12,53.69774012912424
2017-03-13,54.60317533902726
2017-03-14,55.91960669197081
2017-03-15,49.27038431558708
2017-03-16,57.07566800893259
2017-03-17,63.10280493097528
2017-03-18,55.58870084096384
2017-03-19,44.92169262749462
2017-03-20,51.58994405864016
2017-03-21,45.703455557460785
2017-03-22,49.325240822630995
2017-03-23,53.250894150063246
2017-03-24,63.71738272854346
2017-03-25,67.29282062771698
2017-03-26,64.83724727274085
2017-03-27,76.4082400699822
2017-03-28,65.6354958441588
2017-03-29,
2017-03-30,
2017-03-31,
2017-04-01,71.33010175201714
2017-04-02,51.7632714709933
2017-04-03,64.10403211382318
2017-04-04,72.3993775444618
2017-04-05,69.26515201056746
2017-04-06,72.22736810557484
2017-04-07,80.35064780254613
2017-04-08,73.0909826107683
2017-04-09,75.20625051386254
2017-04-10,69.25078943204863
2017-04-11,64.8003209296027
2017-04-12,62.91797559509384
2017-04-13,78.61070786352276
2017-04-14,72.63907892751921
2017-04-15,75.65392706918341
2017-04-16,75.54655355166743
2017-04-17,73.77676893659687
2017-04-18,75.18001067350356
2017-04-19,74.72164414760375
2017-04-20,72.429099591943
2017-04-21,73.39239771113053
2017-04-22,74.1078244651142
2017-04-23,101.68839763618534
2017-04-24,71.59743991034709
2017-04-25,68.25646848538518
2017-04-26,81.10190301848084
2017-04-27,81.45264622668194
2017-04-28,79.27133217946425
2017-04-29,
2017-04-30,
2017-04-31,
2017-05-01,76.57560010075225
2017-05-02,84.86575497515169
2017-05-03,85.82222122994737
2017-05-04,92.63084085946436
2017-05-05,87.81510934401413
2017-05-06,89.16383323441661
2017-05-07,82.04586354939833
2017-05-08,80.65547056062454
2017-05-09,75.79112413950578
2017-05-10,88.40796057092956
2017-05-11,80.36734945215235
2017-05-12,74.21365469119803
2017-05-13,74.99629945734121
2017-05-14,72.87032339525732
2017-05-15,82.07934244263109
2017-05-16,81.22837590634049
2017-05-17,84.16832655846241
2017-05-18,88.93707597239283
2017-05-19,81.97617118529571
2017-05-20,86.36874521254431
2017-05-21,70.2365283996551
2017-05-22,80.68771339189006
2017-05-23,84.62948550083715
2017-05-24,81.36345056889988
2017-05-25,85.15931902790123
2017-05-26,81.55138466311945
2017-05-27,83.2932087618295
2017-05-28,84.54470390997498
2017-05-29,
2017-05-30,
2017-05-31,
2017-06-01,85.02840729201901
2017-06-02,83.40548964763846
2017-06-03,76.15582992482078
2017-06-04,83.86231733454595
2017-06-05,87.17747721887997
2017-06-06,81.0537035486529
2017-06-07,82.18266404070673
2017-06-08,86.81165675646594
2017-06-09,86.88142068032434
2017-06-10,83.98341360985755
2017-06-11,87.50486639663042
2017-06-12,91.58809800596596
2017-06-13,86.01598354464451
2017-06-14,85.51966114596941
2017-06-15,83.68563991784552
2017-06-16,93.2034816556806
2017-06-17,92.94386223642738
2017-06-18,98.01835524085695
2017-06-19,92.14139140707742
2017-06-20,88.41458430508074
2017-06-21,93.581784541263
2017-06-22,88.9785922299452
2017-06-23,97.73736948634459
2017-06-24,80.21685149879208
2017-06-25,92.77701625175315
2017-06-26,84.77457021649366
2017-06-27,71.5654100912439
2017-06-28,73.69239098791527
2017-06-29,
2017-06-30,
2017-06-31,
2017-07-01,90.2982607655723
2017-07-02,89.95073551964232
2017-07-03,90.93212454660252
2017-07-04,84.10022321727891
2017-07-05,87.86234301826575
2017-07-06,89.49108875772541
2017-07-07,85.18823175598449
2017-07-08,88.7112638283701
2017-07-09,69.71221422075685
2017-07-10,87.43161532640822
2017-07-11,92.60889359046871
2017-07-12,91.85170991547916
2017-07-13,84.65757282242053
2017-07-14,79.01753587428848
2017-07-15,81.02863903177854
2017-07-16,86.07655672461748
2017-07-17,83.00202286621628
2017-07-18,84.99599606979177
2017-07-19,92.20348154377771
2017-07-20,88.48451471129215
2017-07-21,81.09343533237606
2017-07-22,90.54545468251587
2017-07-23,91.03885726229919
2017-07-24,79.11648943781044
2017-07-25,86.0474252850518
2017-07-26,84.13595048603483
2017-07-27,92.86439186925621
2017-07-28,85.22178862415781
2017-07-29,
2017-07-30,
2017-07-31,
2017-08-01,82.9458943170126
2017-08-02,86.62815297772666
2017-08-03,85.06009907601056
2017-08-04,90.13763318166953
2017-08-05,81.0816203304253
2017-08-06,85.96821268594087
2017-08-07,85.1078865226272
2017-08-08,83.14304465035795
2017-08-09,86.05119826204759
2017-08-10,86.71693897995661
2017-08-11,84.25039324680402
2017-08-12,78.89770672568002
2017-08-13,86.78179449316829
2017-08-14,74.03619633881456
2017-08-15,83.74702064353622
2017-08-16,86.94188898255774
2017-08-17,76.0129953505058
2017-08-18,74.00073280266942
2017-08-19,86.42427521714941
2017-08-20,79.60481776279025
2017-08-21,76.3945778207272
2017-08-22,75.36073437453622
2017-08-23,86.6285466129369
2017-08-24,82.0701110222565
2017-08-25,84.92383471588224
2017-08-26,85.75253728318589
2017-08-27,88.90120994809786
2017-08-28,87.61168789918725
2017-08-29,
2017-08-30,
2017-08-31,
2017-09-01,74.6529464380643
2017-09-02,78.1775026866148
2017-09-03,75.96778011417447
2017-09-04,72.18972257568002
2017-09-05,69.95221397928718
2017-09-06,66.76250613992457
2017-09-07,77.29165376394894
2017-09-08,77.38587850598591
2017-09-09,84.20864685538669
2017-09-10,77.3621889227586
2017-09-11,77.83242405150064
2017-09-12,72.92813193102383
2017-09-13,69.45300564595817
2017-09-14,72.27981456919518
2017-09-15,75.1084268652317
2017-09-16,74.76616116847269
2017-09-17,71.99243017372605
2017-09-18,73.99984257040117
2017-09-19,70.07118761009654
2017-09-20,74.69584328248264
2017-09-21,68.21487212944946
2017-09-22,80.4901557700817
2017-09-23,82.80947113398643
2017-09-24,75.03555946189745
2017-09-25,68.73514336507834
2017-09-26,71.7726479730599
2017-09-27,71.41658426443841
2017-09-28,65.30059404936772
2017-09-29,
2017-09-30,
2017-09-31,
2017-10-01,77.00036660369156
2017-10-02,72.21816524834941
2017-10-03,78.02011966816944
2017-10-04,63.3861682783345
2017-10-05,68.03386002662643
2017-10-06,71.94847540768956
2017-10-07,65.15326173717187
2017-10-08,70.48335476852311
2017-10-09,71.01998499706541
2017-10-10,68.41867928169441
2017-10-11,71.10962974957475
2017-10-12,73.98712048002155
2017-10-13,68.49737001544256
2017-10-14,68.75812895353405
2017-10-15,58.85779147119892
2017-10-16,59.51026072205134
2017-10-17,61.00304633091347
2017-10-18,62.00001107517414
2017-10-19,66.09939346063977
2017-10-20,72.76860073294375
2017-10-21,55.89780478123189
2017-10-22,57.618041996020224
2017-10-23,64.30160283746174
2017-10-24,66.01787362497537
2017-10-25,74.4320831623543
2017-10-26,58.69566887271503
2017-10-27,63.018800147814645
2017-10-28,70.03144760488368
2017-10-29,
2017-10-30,
2017-10-31,
2017-11-01,63.759847625498324
2017-11-02,63.78590266496225
2017-11-03,52.99031402140294
2017-11-04,36.903198345747256
2017-11-05,45.98361006416429
2017-11-06,52.87875969641031
2017-11-07,48.930165252542686
2017-11-08,57.492295959551925
2017-11-09,51.26907091894461
2017-11-10,45.18693792162322
2017-11-11,41.9535807338826
2017-11-12,49.65932003975325
2017-11-13,49.48760451033165
2017-11-14,50.596309755884164
2017-11-15,40.86046320151551
2017-11-16,46.38606046857181
2017-11-17,48.99990632808246
2017-11-18,53.99999780061953
2017-11-19,49.402095286502636
2017-11-20,48.886817819616326
2017-11-21,50.6873704991749
2017-11-22,44.672582479275626
2017-11-23,42.62839258384293
2017-11-24,44.006671202807134
2017-11-25,42.75455817327313
2017-11-26,41.808839863923495
2017-11-27,52.17239276186968
2017-11-28,42.124294488358075
2017-11-29,
2017-11-30,
2017-11-31,
2017-12-01,32.04070064894455
2017-12-02,31.954679322500237
2017-12-03,36.00403877614401
2017-12-04,40.61602541113672
2017-12-05,36.00894250694111
2017-12-06,41.96824303623147
2017-12-07,35.70990246839614
2017-12-08,29.47846109236067
2017-12-09,32.23081275707428
2017-12-10,36.16879612866631
2017-12-11,34.02702144190646
2017-12-12,33.421428153549925
2017-12-13,29.35551496478105
2017-12-14,33.28924707129981
2017-12-15,38.925100467710685
2017-12-16,36.69845032755964
2017-12-17,33.99981541382188
2017-12-18,32.99999863915006
2017-12-19,30.32696452437393
2017-12-20,28.95656446232768
2017-12-21,34.81337750647321
2017-12-22,25.111049532728924
2017-12-23,17.16992024824694
2017-12-24,25.002150921392463
2017-12-25,26.99269437411161
2017-12-26,27.732966046367807
2017-12-27,33.891195188054034
2017-12-28,29.34591680401072
2017-12-29,
2017-12-30,
2017-12-31,
2018-01-01,37.24494716903761
2018-01-02,34.76517805475141
2018-01-03,27.22913937474577
2018-01-04,26.36058186838105
2018-01-05,31.34001222548215
2018-01-06,34.34232072344349
2018-01-07,28.697482575754925
2018-01-08,28.198755352798862
2018-01-09,34.887564976341274
2018-01-10,37.479453805568575
2018-01-11,31.323987041147088
2018-01-12,36.085492097842604
2018-01-13,37.496443467860686
2018-01-14,36.96078112710281
2018-01-15,39.17660297633928
2018-01-16,31.648710639252428
2018-01-17,34.89330574089467
2018-01-18,37.72447536450928
2018-01-19,31.066720231623737
2018-01-20,30.55398922552038
2018-01-21,23.510366729176503
2018-01-22,24.237599489086488
2018-01-23,25.921837351544056
2018-01-24,24.874986064049743
2018-01-25,31.036417616687213
2018-01-26,33.467643790185704
2018-01-27,39.12760950705664
2018-01-28,39.09896007626771
2018-01-29,
2018-01-30,
2018-01-31,
2018-02-01,38.62784965370521
2018-02-02,31.12332745808577
2018-02-03,38.58194105547955
2018-02-04,42.04099288741703
2018-02-05,44.4569524038667
2018-02-06,37.34112560895112
2018-02-07,30.833769960617204
2018-02-08,29.52065844632777
2018-02-09,31.322766352280173
2018-02-10,35.17647292096507
2018-02-11,41.86066837990276
2018-02-12,37.496871164867656
2018-02-13,33.24456801907338
2018-02-14,45.29078076391861
2018-02-15,41.897004006296704
2018-02-16,38.23964182237689
2018-02-17,33.29671162101107
2018-02-18,34.652757020984964
2018-02-19,37.976131622143185
2018-02-20,49.46288159145926
2018-02-21,48.15966062383528
2018-02-22,55.569317774896575
2018-02-23,54.41733153623355
2018-02-24,40.61685238613618
2018-02-25,38.94344577739285
2018-02-26,40.285843535776074
2018-02-27,44.90715279168233
2018-02-28,46.63897180587759
2018-02-29,
2018-02-30,
2018-02-31,
2018-03-01,41.26370897656197
2018-03-02,42.17674167583497
2018-03-03,34.491746083703184
2018-03-04,37.21222902938122
2018-03-05,47.5247830904269
2018-03-06,41.34210451705615
2018-03-07,46.79226823634996
2018-03-08,45.532284567766865
2018-03-09,46.86202156877992
2018-03-10,50.215921768849896
2018-03-11,43.40819791232728
2018-03-12,53.68794218344146
2018-03-13,54.58468311216447
2018-03-14,55.918710268189926
2018-03-15,49.270838042072974
2018-03-16,57.07624748522817
2018-03-17,63.10280493097528
2018-03-18,55.58870084096384
2018-03-19,44.92169095310399
2018-03-20,51.59615931612198
2018-03-21,45.72265648282661
2018-03-22,49.350429642072804
2018-03-23,53.260821725692146
2018-03-24,63.71738272854346
2018-03-25,67.27773637968025
2018-03-26,64.76056240931659
2018-03-27,72.77537608442188
2018-03-28,65.63239842666643
2018-03-29,
2018-03-30,
2018-03-31,
2018-04-01,71.40021787758796
2018-04-02,51.71953751385339
2018-04-03,64.10403211382436
2018-04-04,72.3989901131285
2018-04-05,69.26515201078038
2018-04-06,72.22734155868771
2018-04-07,80.35074951503488
2018-04-08,73.00691969717862
2018-04-09,75.29668877329195
2018-04-10,69.25156120170179
2018-04-11,64.80032093123333
2018-04-12,62.91942818340856
2018-04-13,78.6431737189603
2018-04-14,72.64014510773822
2018-04-15,75.65377057024641
2018-04-16,75.54734266368715
2018-04-17,73.77676893659687
2018-04-18,75.18001067350356
2018-04-19,74.72193789447077
2018-04-20,72.4372807406658
2018-04-21,73.35859811827848
2018-04-22,74.08143068535564
2018-04-23,101.71745056395409
2018-04-24,71.59743991034709
2018-04-25,68.27328360535431
2018-04-26,81.19366153420323
2018-04-27,78.8797804417588
2018-04-28,79.27337281045656
2018-04-29,
2018-04-30,
2018-04-31,
2018-05-01,76.64746898871493
2018-05-02,84.85945081004489
2018-05-03,85.82222122994641
2018-05-04,92.63153707348118
2018-05-05,87.8151093438239
2018-05-06,89.16380513561687
2018-05-07,82.04582027814753
2018-05-08,80.68574528092105
2018-05-09,75.94789847723891
2018-05-10,88.4088447701441
2018-05-11,80.3673494507009
2018-05-12,74.22887010605552
2018-05-13,75.01157998724813
2018-05-14,72.86939557719059
2018-05-15,82.07990803376742
2018-05-16,81.22900945951123
2018-05-17,84.16832655846241
2018-05-18,88.93707597239283
2018-05-19,81.97618620359295
2018-05-20,86.3776466292801
2018-05-21,70.2478751113442
2018-05-22,80.72382403741697
2018-05-23,84.64251038073655
2018-05-24,81.36345056889988
2018-05-25,85.14230109429519
2018-05-26,81.46332150499677
2018-05-27,86.36816287842447
2018-05-28,84.54150834869722
2018-05-29,
2018-05-30,
2018-05-31,
2018-06-01,85.10474541606153
2018-06-02,83.47329839088835
2018-06-03,76.15582992482139
2018-06-04,83.8622287015446
2018-06-05,87.17747721901306
2018-06-06,81.05368165204493
2018-06-07,82.18265372433065
2018-06-08,86.88929439592295
2018-06-09,87.02453850351284
2018-06-10,83.98416739696756
2018-06-11,87.50486639776466
2018-06-12,91.6208424728454
2018-06-13,85.983023130679
2018-06-14,85.52065595652687
2018-06-15,83.68550735844408
2018-06-16,93.20422147893395
2018-06-17,92.94386223642738
2018-06-18,98.01835524085695
2018-06-19,92.1411326188418
2018-06-20,88.42266761063517
2018-06-21,93.60155226436399
2018-06-22,88.95209386323168
2018-06-23,97.76028249746885
2018-06-24,80.21685149879208
2018-06-25,92.79695651105287
2018-06-26,84.86213208755842
2018-06-27,74.75698007621716
2018-06-28,73.69390663963254
2018-06-29,
2018-06-30,
2018-06-31,
2018-07-01,90.37568407341186
2018-07-02,89.9267731560479
2018-07-03,90.93212454660204
2018-07-04,84.09981395187111
2018-07-05,87.86234301817116
2018-07-06,89.49106802970577
2018-07-07,85.18827854049896
2018-07-08,88.662352213131
2018-07-09,69.73441467848362
2018-07-10,87.43231956472597
2018-07-11,92.60889358960716
2018-07-12,91.89550078166364
2018-07-13,84.6493788503973
2018-07-14,79.01673685163439
2018-07-15,81.02905684775693
2018-07-16,86.07707226884717
2018-07-17,83.00202286621628
2018-07-18,84.99599606979177
2018-07-19,92.20345913466221
2018-07-20,88.49147231980453
2018-07-21,81.06288538990644
2018-07-22,90.5810611604008
2018-07-23,91.05042348083349
2018-07-24,79.11648943781044
2018-07-25,86.03212237253534
2018-07-26,84.05299971775533
2018-07-27,91.00850300883054
2018-07-28,85.2192086681747
2018-07-29,
2018-07-30,
2018-07-31,
2018-08-01,83.01391181692794
2018-08-02,86.57255401884045
2018-08-03,85.06009907601087
2018-08-04,90.13799707857606
2018-08-05,81.0816203304868
2018-08-06,85.96819561600357
2018-08-07,85.10782672159179
2018-08-08,83.09085613807667
2018-08-09,85.96057283969267
2018-08-10,86.7175658123875
2018-08-11,84.2503932473665
2018-08-12,78.94195803605558
2018-08-13,86.81114313203346
2018-08-14,74.03687894239
2018-08-15,83.74691911999231
2018-08-16,86.94241358299557
2018-08-17,76.0129953505058
2018-08-18,74.00073280266942
2018-08-19,86.42444824799088
2018-08-20,79.61000995821806
2018-08-21,76.41331891041351
2018-08-22,75.34207177403245
2018-08-23,86.64521126161718
2018-08-24,82.0701110222565
2018-08-25,84.93977847876444
2018-08-26,85.83339703007252
2018-08-27,84.62445739572159
2018-08-28,87.61312757030431
2018-08-29,
2018-08-30,
2018-08-31,
2018-09-01,74.71142142778159
2018-09-02,78.21748402241529
2018-09-03,75.96778011417435
2018-09-04,72.18978822200113
2018-09-05,69.95221397924975
2018-09-06,66.76249477434992
2018-09-07,77.29170226151643
2018-09-08,77.43503767981728
2018-09-09,84.06790299582478
2018-09-10,77.36269077094029
2018-09-11,77.83242405112769
2018-09-12,72.972605276552
2018-09-13,69.45413185126229
2018-09-14,72.27923415243066
2018-09-15,75.10871668638346
2018-09-16,74.7665049013838
2018-09-17,71.99243017372605
2018-09-18,73.99984257040117
2018-09-19,70.07120539368779
2018-09-20,74.69970465036845
2018-09-21,68.21793401306115
2018-09-22,80.51804989653124
2018-09-23,82.81815542269642
2018-09-24,75.03555946189745
2018-09-25,68.72428073430919
2018-09-26,71.70804211618557
2018-09-27,71.60537821322427
2018-09-28,65.29901068480372
2018-09-29,
2018-09-30,
2018-09-31,
2018-10-01,77.05804048359076
2018-10-02,72.24584040063907
2018-10-03,78.02011966816957
2018-10-04,63.38593999847981
2018-10-05,68.03386002665205
2018-10-06,71.94846490732982
2018-10-07,65.1532348926611
2018-10-08,70.50997970947472
2018-10-09,70.93055065993615
2018-10-10,68.41907758566113
2018-10-11,71.10962974981929
2018-10-12,74.03337852955742
2018-10-13,68.47784316993706
2018-10-14,68.75863144846426
2018-10-15,58.85773689431391
2018-10-16,59.51053375775719
2018-10-17,61.00304633091347
2018-10-18,62.00001107517414
2018-10-19,66.09929933571364
2018-10-20,72.77139979514921
2018-10-21,55.883250141500326
2018-10-22,57.60625796978624
2018-10-23,64.31175318066232
2018-10-24,66.01787362497537
2018-10-25,74.44430294835541
2018-10-26,58.74619652447434
2018-10-27,66.16860436172253
2018-10-28,70.03236702663814
2018-10-29,
2018-10-30,
2018-10-31,
2018-11-01,63.80547162282404
2018-11-02,63.74566213432969
2018-11-03,52.9903140214029
2018-11-04,36.903262316010725
2018-11-05,45.98361006415207
2018-11-06,52.87875308000616
2018-11-07,48.930172812692426
2018-11-08,57.455346202789364
2018-11-09,51.2607406909224
2018-11-10,45.18717399609507
2018-11-11,41.95358073377904
2018-11-12,49.68961343889736
2018-11-13,49.48962743274844
2018-11-14,50.59598713250575
2018-11-15,40.86058119462986
2018-11-16,46.38622410525939
2018-11-17,48.99990632808246
2018-11-18,53.99999780061953
2018-11-19,49.40208350506789
2018-11-20,48.88808369669471
2018-11-21,50.70034518818508
2018-11-22,44.68627003118159
2018-11-23,42.63208253131263
2018-11-24,44.006671202807134
2018-11-25,42.74856145081675
2018-11-26,41.7744798342282
2018-11-27,52.91923727832804
2018-11-28,42.12347640065618
2018-11-29,
2018-11-30,
2018-11-31,
2018-12-01,32.062621552991466
2018-12-02,31.951668498274003
2018-12-03,36.00403877614402
2018-12-04,40.616086802204286
2018-12-05,36.00894250694784
2018-12-06,41.968238534383005
2018-12-07,35.70990480904553
2018-12-08,29.473732364687876
2018-12-09,32.260276643679575
2018-12-10,36.1689657054897
2018-12-11,34.027021441966745
2018-12-12,33.44042184393953
2018-12-13,29.362267591343265
2018-12-14,33.28943992382412
2018-12-15,38.92507287323587
2018-12-16,36.69857838958728
2018-12-17,33.99981541382188
2018-12-18,32.99999863915006
2018-12-19,30.326995169826684
2018-12-20,28.95697765245492
2018-12-21,34.81105747579046
2018-12-22,25.106844721444322
2018-12-23,17.17214438162719
2018-12-24,25.002150921392463
2018-12-25,26.99657324244255
2018-12-26,27.75476113253267
2018-12-27,32.482236954706046
2018-12-28,29.346224616092748
2018-12-29,
2018-12-30,
2018-12-31,
2019-01-01,37.2692933299023
2019-01-02,34.78683435356605
2019-01-03,27.22913937474576
2019-01-04,26.36052134847035
2019-01-05,31.340012225478016
2019-01-06,34.34231756514421
2019-01-07,28.697476770340003
2019-01-08,28.215512526748924
2019-01-09,34.93465554844937
2019-01-10,37.47961150202006
2019-01-11,31.323987041107262
2019-01-12,36.10371220716404
2019-01-13,37.49351965876319
2019-01-14,36.96059399785675
2019-01-15,39.1766876423497
2019-01-16,31.64879627998559
2019-01-17,34.89330574089467
2019-01-18,37.72447536450928
2019-01-19,31.06672678827923
2019-01-20,30.554105676310023
2019-01-21,23.506993875726643
2019-01-22,24.24418871302445
2019-01-23,25.92368931158904
2019-01-24,24.874986064049743
2019-01-25,31.032558259027553
2019-01-26,33.44253177512229
2019-01-27,38.03183765766801
2019-01-28,39.098351889147025
2019-01-29,
2019-01-30,
2019-01-31,
2019-02-01,38.65198949543048
2019-02-02,31.118047863683834
2019-02-03,38.58194105547958
2019-02-04,42.04101029829958
2019-02-05,44.45695240387082
2019-02-06,37.34112266490746
2019-02-07,30.8337775251926
2019-02-08,29.52024605387637
2019-02-09,31.352811839100234
2019-02-10,35.176605745188354
2019-02-11,41.86066837994096
2019-02-12,37.51281326077436
2019-02-13,33.23868568690674
2019-02-14,45.29098876857125
2019-02-15,41.89698131009663
2019-02-16,38.239743340057814
2019-02-17,33.29671162101107
2019-02-18,34.652757020984964
2019-02-19,37.97610445353633
2019-02-20,49.46261819637304
2019-02-21,48.17021450279217
2019-02-22,55.56178355257367
2019-02-23,54.42311613104618
2019-02-24,40.61685238613618
2019-02-25,38.9483481919819
2019-02-26,40.31474736342717
2019-02-27,46.342082031846616
2019-02-28,46.63936264594136
2019-02-29,
2019-02-30,
2019-02-31,
2019-03-01,41.28834917987792
2019-03-02,42.155397146800354
2019-03-03,34.491746083703184
2019-03-04,37.212282074282854
2019-03-05,47.52478309042378
2019-03-06,41.34210172258443
2019-03-07,46.7922583297946
2019-03-08,45.50918435763039
2019-03-09,46.864623775315636
2019-03-10,50.21609193089553
2019-03-11,43.40819791229884
2019-03-12,53.70590209888874
2019-03-13,54.59007648903986
2019-03-14,55.918485490532895
2019-03-15,49.270917734694
2019-03-16,57.07636591906653
2019-03-17,63.10280493097528
2019-03-18,55.58870084096384
2019-03-19,44.921682882683534
2019-03-20,51.59548618272648
2019-03-21,45.71694173060289
2019-03-22,49.36237998917371
2019-03-23,53.263962207020036
2019-03-24,63.71738272854346
2019-03-25,67.27032615260228
2019-03-26,64.71619779642653
2019-03-27,75.6239637653274
2019-03-28,65.63158072199998
2019-03-29,
2019-03-30,
2019-03-31,
2019-04-01,71.44097622628122
2019-04-02,51.73845635951611
2019-04-03,64.10403211382436
2019-04-04,72.39889888472295
2019-04-05,69.26515201078358
2019-04-06,72.22733737321316
2019-04-07,80.35076022221837
2019-04-08,73.01727524576089
2019-04-09,75.23760832007687
2019-04-10,69.25177179626559
2019-04-11,64.80032093126378
2019-04-12,62.93442811708689
2019-04-13,78.65329890584397
2019-04-14,72.64040959685033
2019-04-15,75.65373926781693
2019-04-16,75.54749528175032
2019-04-17,73.77676893659687
2019-04-18,75.18001067350356
2019-04-19,74.72197565096005
2019-04-20,72.43588170791374
2019-04-21,73.35522015418867
2019-04-22,74.07341567787104
2019-04-23,101.72632383190214
2019-04-24,71.59743991034709
2019-04-25,68.28081818533354
2019-04-26,81.24684381314256
2019-04-27,77.52462775624633
2019-04-28,79.27390355474998
2019-04-29,
2019-04-30,
2019-04-31,
2019-05-01,76.68927933823478
2019-05-02,84.88639908582384
2019-05-03,85.82222122994641
2019-05-04,92.63151720053793
2019-05-05,87.81510934382099
2019-05-06,89.16380070586233
2019-05-07,82.04581668160861
2019-05-08,80.71804640113628
2019-05-09,75.86565259904731
2019-05-10,88.40908604362896
2019-05-11,80.36734945067376
2019-05-12,74.23939791263685
2019-05-13,75.00355634563591
2019-05-14,72.86916303014445
2019-05-15,82.08000739745258
2019-05-16,81.22913867138887
2019-05-17,84.16832655846241
2019-05-18,88.93707597239283
2019-05-19,81.97619840181184
2019-05-20,86.3755616044825
2019-05-21,70.25903800760544
2019-05-22,80.74130878955519
2019-05-23,84.64662924646643
2019-05-24,81.36345056889988
2019-05-25,85.13400097010928
2019-05-26,81.41237004613988
2019-05-27,82.71345725020569
2019-05-28,84.5406647113076
2019-05-29,
2019-05-30,
2019-05-31,
2019-06-01,85.14912247018731
2019-06-02,83.43413113208575
2019-06-03,76.15582992482139
2019-06-04,83.8623190850565
2019-06-05,87.1774772190151
2019-06-06,81.05367819979931
2019-06-07,82.18265125649044
2019-06-08,86.86979876888607
2019-06-09,86.96150896185435
2019-06-10,83.98437308434308
2019-06-11,87.50486639778588
2019-06-12,91.62536167848083
2019-06-13,85.9755458417453
2019-06-14,85.5209028410764
2019-06-15,83.68548092320658
2019-06-16,93.2043647896515
2019-06-17,92.94386223642738
2019-06-18,98.01835524085695
2019-06-19,92.14109981531358
2019-06-20,88.42022950763581
2019-06-21,93.58842895424057
2019-06-22,88.94456407624821
2019-06-23,97.7672811117875
2019-06-24,80.21685149879208
2019-06-25,92.80594010187521
2019-06-26,84.91287809218895
2019-06-27,74.90302854251765
2019-06-28,73.69430081835206
2019-06-29,
2019-06-30,
2019-06-31,
2019-07-01,90.420718587854
2019-07-02,89.91776215072717
2019-07-03,90.93212454660204
2019-07-04,84.09976673299157
2019-07-05,87.86234301816975
2019-07-06,89.4910647619093
2019-07-07,85.18828483139154
2019-07-08,88.6369183301627
2019-07-09,69.73549350013126
2019-07-10,87.43251173160195
2019-07-11,92.60889358959105
2019-07-12,91.89225813546771
2019-07-13,84.65833636548227
2019-07-14,79.01653666701999
2019-07-15,81.02913026719129
2019-07-16,86.0771772070644
2019-07-17,83.00202286621628
2019-07-18,84.99599606979177
2019-07-19,92.20344800026459
2019-07-20,88.48884363268095
2019-07-21,81.0647202406887
2019-07-22,90.59868984010092
2019-07-23,91.05407985267763
2019-07-24,79.11648943781044
2019-07-25,86.02470431851744
2019-07-26,84.00500261473901
2019-07-27,94.97373787694687
2019-07-28,85.21852753439451
2019-07-29,
2019-07-30,
2019-07-31,
2019-08-01,83.05345273649138
2019-08-02,86.61373429365158
2019-08-03,85.06009907601087
2019-08-04,90.13795888001808
2019-08-05,81.08162033048774
2019-08-06,85.96819292476404
2019-08-07,85.10781946243526
2019-08-08,83.11299672026483
2019-08-09,86.01808445812843
2019-08-10,86.71773685721632
2019-08-11,84.25039324737699
2019-08-12,78.93335617067268
2019-08-13,86.81568739445473
2019-08-14,74.03704840927712
2019-08-15,83.74689893150926
2019-08-16,86.94251535369102
2019-08-17,76.0129953505058
2019-08-18,74.00073280266942
2019-08-19,86.4244698716366
2019-08-20,79.60756991814965
2019-08-21,76.42052355276691
2019-08-22,75.33721843714065
2019-08-23,86.65030180950905
2019-08-24,82.0701110222565
2019-08-25,84.94699578611805
2019-08-26,85.88025553128115
2019-08-27,85.71244391180508
2019-08-28,87.61350196529986
2019-08-29,
2019-08-30,
2019-08-31,
2019-09-01,74.74542992237575
2019-09-02,78.20939555520968
2019-09-03,75.96778011417435
2019-09-04,72.1898387285167
2019-09-05,69.95221397924921
2019-09-06,66.76249298253836
2019-09-07,77.29170776069519
2019-09-08,77.44887240181988
2019-09-09,84.14082418554669
2019-09-10,77.36282771107977
2019-09-11,77.8324240511207
2019-09-12,72.96023578972853
2019-09-13,69.44730886908087
2019-09-14,72.27908879096924
2019-09-15,75.10876762612017
2019-09-16,74.76657474080976
2019-09-17,71.99243017372605
2019-09-18,73.99984257040117
2019-09-19,70.07121215272889
2019-09-20,74.69742323945374
2019-09-21,68.2093457352216
2019-09-22,80.53219743560814
2019-09-23,82.82089985224886
2019-09-24,75.03555946189745
2019-09-25,68.71904253330305
2019-09-26,71.6706572403925
2019-09-27,69.00371579411551
2019-09-28,65.29859265031527
2019-09-29,
2019-09-30,
2019-09-31,
2019-10-01,77.09156849980559
2019-10-02,72.21713941932728
2019-10-03,78.02011966816957
2019-10-04,63.38593026772714
2019-10-05,68.03386002665242
2019-10-06,71.94846325185911
2019-10-07,65.15323210458678
2019-10-08,70.4906000782663
2019-10-09,70.96910094572856
2019-10-10,68.41918627144965
2019-10-11,71.10962974982385
2019-10-12,74.01741939954005
2019-10-13,68.4761371398524
2019-10-14,68.75875624374889
2019-10-15,58.85772607089765
2019-10-16,59.510586799641544
2019-10-17,61.00304633091347
2019-10-18,62.00001107517414
2019-10-19,66.0992877433236
2019-10-20,72.7692510731068
2019-10-21,55.88669800772743
2019-10-22,57.60354871989258
2019-10-23,64.31485409208939
2019-10-24,66.01787362497537
2019-10-25,74.44985753961309
2019-10-26,58.77547557615024
2019-10-27,64.52634165229665
2019-10-28,70.03260611284672
2019-10-29,
2019-10-30,
2019-10-31,
2019-11-01,63.832003254111214
2019-11-02,63.76220982694682
2019-11-03,52.9903140214029
2019-11-04,36.90324695921843
2019-11-05,45.983610064151875
2019-11-06,52.878752036907024
2019-11-07,48.93017339342563
2019-11-08,57.45055712443109
2019-11-09,51.257646578143024
2019-11-10,45.18723841406992
2019-11-11,41.95358073377711
2019-11-12,49.677359781612815
2019-11-13,49.49391802980814
2019-11-14,50.595906361426465
2019-11-15,40.86060193820511
2019-11-16,46.38625729701669
2019-11-17,48.99990632808246
2019-11-18,53.99999780061953
2019-11-19,49.40207974679
2019-11-20,48.88672643898301
2019-11-21,50.70226682093951
2019-11-22,44.693394602122964
2019-11-23,42.633248267865746
2019-11-24,44.006671202807134
2019-11-25,42.745682569783725
2019-11-26,41.75459580201626
2019-11-27,54.383061959547796
2019-11-28,42.123260406588585
2019-11-29,
2019-11-30,
2019-11-31,
2019-12-01,32.07536494943712
2019-12-02,31.95999578838057
2019-12-03,36.00403877614402
2019-12-04,40.61610272529112
2019-12-05,36.00894250694794
2019-12-06,41.96823782463203
2019-12-07,35.70990526689782
2019-12-08,29.481331341814972
2019-12-09,32.24202939736659
2019-12-10,36.16901197813501
2019-12-11,34.027021441967875
2019-12-12,33.431632422340066
2019-12-13,29.362392036893024
2019-12-14,33.28948783428977
2019-12-15,38.9250674150606
2019-12-16,36.69860330047729
2019-12-17,33.99981541382188
2019-12-18,32.99999863915006
2019-12-19,30.326998887726337
2019-12-20,28.956242031726607
2019-12-21,34.80773055675982
2019-12-22,25.10603902914425
2019-12-23,17.172823915559366
2019-12-24,25.002150921392463
2019-12-25,26.998342810513105
2019-12-26,27.767389895273773
2019-12-27,33.59840813002345
2019-12-28,29.34630465449172
2019-12-29,
2019-12-30,
2019-12-31,
2020-01-01,37.2834500374821
2020-01-02,34.77474395085476
2020-01-03,27.22913937474576
2020-01-04,26.36052257321629
2020-01-05,31.340012225477963
2020-01-06,34.34231706722521
2020-01-07,28.697476002814607
2020-01-08,28.215675042015558
2020-01-09,34.910518826698905
2020-01-10,37.47965453284458
2020-01-11,31.32398704110653
2020-01-12,36.09413943320539
2020-01-13,37.49077839444404
2020-01-14,36.960547163519394
2020-01-15,39.17670253033885
2020-01-16,31.64881362415453
2020-01-17,34.89330574089467
2020-01-18,37.72447536450928
2020-01-19,31.066728632796426
2020-01-20,30.55341503750104
2020-01-21,23.50877146731469
2020-01-22,24.247714651830314
2020-01-23,25.924274206060858
2020-01-24,24.874986064049743
2020-01-25,31.03071253093155
2020-01-26,33.42799871641642
2020-01-27,37.470524412561886
2020-01-28,39.09819130979228
2020-01-29,
2020-01-30,
2020-01-31,
2020-02-01,38.666022675903136
2020-02-02,31.115006646193372
2020-02-03,38.58194105547958
2020-02-04,42.04099677146528
2020-02-05,44.456952403870886
2020-02-06,37.341122200758036
2020-02-07,30.833778435757534
2020-02-08,29.51365698488603
2020-02-09,31.340150549927234
2020-02-10,35.176641989084324
2020-02-11,41.860668379941664
2020-02-12,37.50324927626973
2020-02-13,33.23903189515911
2020-02-14,45.29104045850043
2020-02-15,41.8969768319727
2020-02-16,38.23976311183875
2020-02-17,33.29671162101107
2020-02-18,34.652757020984964
2020-02-19,37.976101208502676
2020-02-20,49.46165332008775
2020-02-21,48.17003350552579
2020-02-22,55.560713729012384
2020-02-23,54.424883658017215
2020-02-24,40.61685238613618
2020-02-25,38.950591780723535
2020-02-26,40.33149425198202
2020-02-27,44.61792639017063
2020-02-28,46.63946426723554
2020-02-29,
2020-02-30,
2020-02-31,
2020-03-01,41.302675788657076
2020-03-02,42.17065723701792
2020-03-03,34.491746083703184
2020-03-04,37.21228879699138
2020-03-05,47.524783090423725
2020-03-06,41.34210128202302
2020-03-07,46.79225721561202
2020-03-08,45.51155774109891
2020-03-09,46.868681917733404
2020-03-10,50.21613836319696
2020-03-11,43.4081979122983
2020-03-12,53.69332952231076
2020-03-13,54.59329714102023
2020-03-14,55.918429249991426
2020-03-15,49.27093175135954
2020-03-16,57.07638986996121
2020-03-17,63.10280493097528
2020-03-18,55.58870084096384
2020-03-19,44.92168081942639
2020-03-20,51.59464785440505
2020-03-21,45.71418076360282
2020-03-22,49.36896420831209
2020-03-23,53.264953748425
2020-03-24,63.71738272854346
2020-03-25,67.2667937928979
2020-03-26,64.69052137101369
2020-03-27,75.72944853979006
2020-03-28,65.63136481868446
2020-03-29,
2020-03-30,
2020-03-31,
2020-04-01,71.46466983527311
2020-04-02,51.73541217526799
2020-04-03,64.10403211382436
2020-04-04,72.39890741305005
2020-04-05,69.26515201078364
2020-04-06,72.22733671334497
2020-04-07,80.35076131758589
2020-04-08,73.03032368415163
2020-04-09,75.27339527740497
2020-04-10,69.25182926141625
2020-04-11,64.80032093126435
2020-04-12,62.92154390492642
2020-04-13,78.65173027192678
2020-04-14,72.64047534122167
2020-04-15,75.65373310635735
2020-04-16,75.54752504038217
2020-04-17,73.77676893659687
2020-04-18,75.18001067350356
2020-04-19,74.7219800878217
2020-04-20,72.43494387728704
2020-04-21,73.36046290656729
2020-04-22,74.07280620189721
2020-04-23,101.72903539884537
2020-04-24,71.59743991034709
2020-04-25,68.28427586909139
2020-04-26,81.27765612696301
2020-04-27,80.46999227916933
2020-04-28,79.27404154353765
2020-04-29,
2020-04-30,
2020-04-31,
2020-05-01,76.71358767285416
2020-05-02,84.86003758666982
2020-05-03,85.82222122994641
2020-05-04,92.63149749701296
2020-05-05,87.81510934382094
2020-05-06,89.16380000748948
2020-05-07,82.04581643708137
2020-05-08,80.71073596538342
2020-05-09,75.90730037355158
2020-05-10,88.40915188015734
2020-05-11,80.36734945067326
2020-05-12,74.22684273924388
2020-05-13,75.00015125637167
2020-05-14,72.86910486123556
2020-05-15,82.08002487794145
2020-05-16,81.22916476694644
2020-05-17,84.16832655846241
2020-05-18,88.93707597239283
2020-05-19,81.97620129256337
2020-05-20,86.3747229617807
2020-05-21,70.25699046877682
2020-05-22,80.75124115642899
2020-05-23,84.64792930793112
2020-05-24,81.36345056889988
2020-05-25,85.13005548025912
2020-05-26,81.38288003467919
2020-05-27,83.6678944737814
2020-05-28,84.54044195559071
2020-05-29,
2020-05-30,
2020-05-31,
2020-06-01,85.17491920952354
2020-06-02,83.44936229938976
2020-06-03,76.15582992482139
2020-06-04,83.86232368594047
2020-06-05,87.1774772190151
2020-06-06,81.05367765553055
2020-06-07,82.18265082612878
2020-06-08,86.85845933462967
2020-06-09,86.98735978550934
2020-06-10,83.98442921044371
2020-06-11,87.50486639778627
2020-06-12,91.6134862432838
2020-06-13,85.97772077521589
2020-06-14,85.52096422482457
2020-06-15,83.6854757316966
2020-06-16,93.20439276387651
2020-06-17,92.94386223642738
2020-06-18,98.01835524085695
2020-06-19,92.14109602569944
2020-06-20,88.4196438470792
2020-06-21,93.58579374450413
2020-06-22,88.9446746336492
2020-06-23,97.76942002447052
2020-06-24,80.21685149879208
2020-06-25,92.81007260607213
2020-06-26,84.94227757455394
2020-06-27,72.52557685968856
2020-06-28,73.69440329486487
2020-06-29,
2020-06-30,
2020-06-31,
2020-07-01,90.44690000706038
2020-07-02,89.93683484391029
2020-07-03,90.93212454660204
2020-07-04,84.09977691262135
2020-07-05,87.86234301816975
2020-07-06,89.49106424672415
2020-07-07,85.18828565081067
2020-07-08,88.64678473899058
2020-07-09,69.72853968430165
2020-07-10,87.43256416834456
2020-07-11,92.6088935895907
2020-07-12,91.884130113045
2020-07-13,84.66113348283666
2020-07-14,79.01648660552584
2020-07-15,81.02914318639725
2020-07-16,86.077198373995
2020-07-17,83.00202286621628
2020-07-18,84.99599606979177
2020-07-19,92.20344552034128
2020-07-20,88.48851072364535
2020-07-21,81.06931967470966
2020-07-22,90.60902598374328
2020-07-23,91.05523360061079
2020-07-24,79.11648943781044
2020-07-25,86.02118659566109
2020-07-26,83.97722134987877
2020-07-27,92.88545783875469
2020-07-28,85.21834768227754
2020-07-29,
2020-07-30,
2020-07-31,
2020-08-01,83.07643771744775
2020-08-02,86.59153314934551
2020-08-03,85.06009907601087
2020-08-04,90.13794791899586
2020-08-05,81.08162033048774
2020-08-06,85.9681925004733
2020-08-07,85.10781859570953
2020-08-08,83.11996372322469
2020-08-09,85.9839120044444
2020-08-10,86.71778353035995
2020-08-11,84.2503932473772
2020-08-12,78.92958876612833
2020-08-13,86.8133084145406
2020-08-14,74.03709055413373
2020-08-15,83.746894975485
2020-08-16,86.9425352396089
2020-08-17,76.0129953505058
2020-08-18,74.00073280266942
2020-08-19,86.42447232515936
2020-08-20,79.6074759535484
2020-08-21,76.41746290085234
2020-08-22,75.3379248229756
2020-08-23,86.65185774017483
2020-08-24,82.0701110222565
2020-08-25,84.95032268322723
2020-08-26,85.9074016899514
2020-08-27,87.76518917437826
2020-08-28,87.61359929239346
2020-08-29,
2020-08-30,
2020-08-31,
2020-09-01,74.76520028598851
2020-09-02,78.20231765433472
2020-09-03,75.96778011417435
2020-09-04,72.18983811825937
2020-09-05,69.95221397924921
2020-09-06,66.76249270004962
2020-09-07,77.2917083739808
2020-09-08,77.4397965875447
2020-09-09,84.10430805035344
2020-09-10,77.36286507804445
2020-09-11,77.83242405112055
2020-09-12,72.95955914505011
2020-09-13,69.4457582494404
2020-09-14,72.27905244770324
2020-09-15,75.10877659173323
2020-09-16,74.7665888117641
2020-09-17,71.99243017372605
2020-09-18,73.99984257040117
2020-09-19,70.07121358188489
2020-09-20,74.6975040950201
2020-09-21,68.20912497654442
2020-09-22,80.54076609417582
2020-09-23,82.82176559641499
2020-09-24,75.03555946189745
2020-09-25,68.71656364907183
2020-09-26,71.64901760303745
2020-09-27,71.08569716131389
2020-09-28,65.29848226653523
2020-09-29,
2020-09-30,
2020-09-31,
2020-10-01,77.11105778931645
2020-10-02,72.23696656481977
2020-10-03,78.02011966816957
2020-10-04,63.38593634126614
2020-10-05,68.03386002665242
2020-10-06,71.94846299086407
2020-10-07,65.15323182422989
2020-10-08,70.48763058925891
2020-10-09,70.95376686956814
2020-10-10,68.41921592862332
2020-10-11,71.10962974982391
2020-10-12,74.0192983321688
2020-10-13,68.47799396339367
2020-10-14,68.75878728579335
2020-10-15,58.85772395447703
2020-10-16,59.51059717392486
2020-10-17,61.00304633091347
2020-10-18,62.00001107517414
2020-10-19,66.09928645286557
2020-10-20,72.76946951492907
2020-10-21,55.888815892681464
2020-10-22,57.604491082159136
2020-10-23,64.3158019868174
2020-10-24,66.01787362497537
2020-10-25,74.45242260324856
2020-10-26,58.79243693760653
2020-10-27,63.70872492936389
2020-10-28,70.03266826134521
2020-10-29,
2020-10-30,
2020-10-31,
2020-11-01,63.847426416386526
2020-11-02,63.76033025253182
2020-11-03,52.9903140214029
2020-11-04,36.903244826528
2020-11-05,45.983610064151875
2020-11-06,52.878751872456725
2020-11-07,48.930173425142144
2020-11-08,57.45696825892284
2020-11-09,51.26297218808227
2020-11-10,45.18725599185
2020-11-11,41.95358073377707
2020-11-12,49.68009521565772
2020-11-13,49.4945836882192
2020-11-14,50.595886171256744
2020-11-15,40.86060558998851
2020-11-16,46.38626397718653
2020-11-17,48.99990632808246
2020-11-18,53.99999780061953
2020-11-19,49.40207898666139
2020-11-20,48.886949713632966
2020-11-21,50.700235651737096
2020-11-22,44.69785413764447
2020-11-23,42.633615903213844
2020-11-24,44.006671202807134
2020-11-25,42.74432260982747
2020-11-26,41.743085835576494
2020-11-27,52.60479886427513
2020-11-28,42.123203371131524
2020-11-29,
2020-11-30,
2020-11-31,
2020-12-01,32.08277232083334
2020-12-02,31.95226797233741
2020-12-03,36.00403877614402
2020-12-04,40.61610140886185
2020-12-05,36.00894250694794
2020-12-06,41.96823771273553
2020-12-07,35.709905340959345
2020-12-08,29.481558145368837
2020-12-09,32.252678468929176
2020-12-10,36.16902460458442
2020-12-11,34.0270214419679
2020-12-12,33.434271463677845
2020-12-13,29.36165262963381
2020-12-14,33.289499754055534
2020-12-15,38.92506634992977
2020-12-16,36.698608177097775
2020-12-17,33.99981541382188
2020-12-18,32.99999863915006
2020-12-19,30.32699929324853
2020-12-20,28.95640939666081
2020-12-21,34.80817893835672
2020-12-22,25.106600238867003
2020-12-23,17.17303165890765
2020-12-24,25.002150921392463
2020-12-25,26.999161259263612
2020-12-26,27.77470548999703
2020-12-27,33.63016411147643
2020-12-28,29.34632545848619
2020-12-29,
2020-12-30,
2020-12-31,
2021-01-01,37.29167921031062
2021-01-02,34.77916088766107
2021-01-03,27.22913937474576
2021-01-04,26.360524274005808
2021-01-05,31.340012225477963
2021-01-06,34.34231698872549
2021-01-07,28.69747590416112
2021-01-08,28.212911208406894
2021-01-09,34.92245852179088
2021-01-10,37.47966627469515
2021-01-11,31.32398704110652
2021-01-12,36.09762406158975
2021-01-13,37.490537985324394
2021-01-14,36.96053545868972
2021-01-15,39.17670515187066
2021-01-16,31.648817111364533
2021-01-17,34.89330574089467
2021-01-18,37.72447536450928
2021-01-19,31.066728991729907
2021-01-20,30.55361827743411
2021-01-21,23.50923431687941
2021-01-22,24.249995835380357
2021-01-23,25.924458612495627
2021-01-24,24.874986064049743
2021-01-25,31.02984195585487
2021-01-26,33.41958591116259
2021-01-27,38.71223118978517
2021-01-28,39.09814890619288
2021-01-29,
2021-01-30,
2021-01-31,
2021-02-01,38.6741795924265
2021-02-02,31.12033901570796
2021-02-03,38.58194105547958
2021-02-04,42.040995968378056
2021-02-05,44.456952403870886
2021-02-06,37.34112212758211
2021-02-07,30.833778543618497
2021-02-08,29.514201259287468
2021-02-09,31.345002901661978
2021-02-10,35.17665187898026
2021-02-11,41.860668379941686
2021-02-12,37.50729033704289
2021-02-13,33.23977071113268
2021-02-14,45.29105332089383
2021-02-15,41.896975959799036
2021-02-16,38.23976698568012
2021-02-17,33.29671162101107
2021-02-18,34.652757020984964
2021-02-19,37.976100862234134
2021-02-20,49.46200963138829
2021-02-21,48.16843125944308
2021-02-22,55.562241499124276
2021-02-23,54.42542407298
2021-02-24,40.61685238613618
2021-02-25,38.951630876021575
2021-02-26,40.34119509303605
2021-02-27,45.07971503220975
2021-02-28,46.639490679467
2021-02-29,
2021-02-30,
2021-02-31,
2021-03-01,41.31100346103397
2021-03-02,42.1627221958205
2021-03-03,34.491746083703184
2021-03-04,37.212287491958044
2021-03-05,47.524783090423725
2021-03-06,41.342101212566035
2021-03-07,46.79225709244602
2021-03-08,45.515178285593215
2021-03-09,46.86389512057442
2021-03-10,50.216151033209066
2021-03-11,43.40819791229829
2021-03-12,53.69938352821632
2021-03-13,54.5933575968609
2021-03-14,55.91841519684763
2021-03-15,49.27093422001833
2021-03-16,57.07639468105925
2021-03-17,63.10280493097528
2021-03-18,55.58870084096384
2021-03-19,44.92168043135779
2021-03-20,51.59503289374198
2021-03-21,45.71512990492265
2021-03-22,49.37336618157471
2021-03-23,53.26526627961547
2021-03-24,63.71738272854346
2021-03-25,67.26512987478323
2021-03-26,64.67565752004823
2021-03-27,73.63043324587025
2021-03-28,65.63130780459285
2021-03-29,
2021-03-30,
2021-03-31,
2021-04-01,71.47844169020344
2021-04-02,51.731225051669995
2021-04-03,64.10403211382436
2021-04-04,72.39891013599565
2021-04-05,69.26515201078364
2021-04-06,72.22733660931283
2021-04-07,80.3507614255546
2021-04-08,73.02767906160699
2021-04-09,75.25284249764988
2021-04-10,69.2518449419681
2021-04-11,64.80032093126435
2021-04-12,62.928590606562125
2021-04-13,78.65025556803486
2021-04-14,72.64049170361388
2021-04-15,75.65373190858699
2021-04-16,75.54753087553863
2021-04-17,73.77676893659687
2021-04-18,75.18001067350356
2021-04-19,74.72198055014827
2021-04-20,72.43548433868277
2021-04-21,73.36082749293313
2021-04-22,74.07516985303471
2021-04-23,101.72986453720543
2021-04-24,71.59743991034709
2021-04-25,68.28587913961236
2021-04-26,81.29550402915301
2021-04-27,78.90300652611806
2021-04-28,79.27407740566196
2021-04-29,
2021-04-30,
2021-04-31,
2021-05-01,76.72771705966919
2021-05-02,84.87764703447303
2021-05-03,85.82222122994641
2021-05-04,92.63149757662596
2021-05-05,87.81510934382094
2021-05-06,89.16379989738701
2021-05-07,82.04581642932656
2021-05-08,80.70596075062542
2021-05-09,75.8869410078715
2021-05-10,88.40916984501136
2021-05-11,80.36734945067326
2021-05-12,74.23472126245328
2021-05-13,75.00035030237048
2021-05-14,72.86909032860268
2021-05-15,82.08002795734612
2021-05-16,81.22917000433911
2021-05-17,84.16832655846241
2021-05-18,88.93707597239283
2021-05-19,81.97620182001631
2021-05-20,86.3753479067045
2021-05-21,70.2553489083243
2021-05-22,80.75809932581664
2021-05-23,84.64833897638066
2021-05-24,81.36345056889988
2021-05-25,85.12819906213717
2021-05-26,81.36580806763351
2021-05-27,85.4029117996443
2021-05-28,84.54038313063333
2021-05-29,
2021-05-30,
2021-05-31,
2021-06-01,85.18991321852326
2021-06-02,83.44847032963541
2021-06-03,76.15582992482139
2021-06-04,83.86232129903973
2021-06-05,87.1774772190151
2021-06-06,81.05367756972342
2021-06-07,82.18265076014244
2021-06-08,86.8624798565184
2021-06-09,86.97788748785784
2021-06-10,83.98444452560652
2021-06-11,87.50486639778627
2021-06-12,91.62228381236451
2021-06-13,85.97902181396601
2021-06-14,85.5209795042957
2021-06-15,83.68547472430853
2021-06-16,93.20439825321009
2021-06-17,92.94386223642738
2021-06-18,98.01835524085695
2021-06-19,92.14109564094022
2021-06-20,88.42024706878547
2021-06-21,93.58786748376987
2021-06-22,88.94784939301714
2021-06-23,97.77007412583706
2021-06-24,80.21685149879208
2021-06-25,92.81199072727087
2021-06-26,84.95930665642794
2021-06-27,74.44725521961097
2021-06-28,73.69442992590855
2021-06-29,
2021-06-30,
2021-06-31,
2021-07-01,90.46211775943372
2021-07-02,89.9199673688006
2021-07-03,90.93212454660204
2021-07-04,84.09977845931164
2021-07-05,87.86234301816975
2021-07-06,89.49106416550228
2021-07-07,85.18828575487444
2021-07-08,88.65024695504698
2021-07-09,69.73527948488959
2021-07-10,87.4325784767894
2021-07-11,92.6088935895907
2021-07-12,91.8917189611133
2021-07-13,84.66070164402552
2021-07-14,79.01647410028083
2021-07-15,81.02914546278066
2021-07-16,86.07720261880921
2021-07-17,83.00202286621628
2021-07-18,84.99599606979177
2021-07-19,92.20344508006731
2021-07-20,88.4890646977467
2021-07-21,81.06890873653116
2021-07-22,90.61639047018976
2021-07-23,91.05559706994484
2021-07-24,79.11648943781044
2021-07-25,86.01953306418011
2021-07-26,83.96113818739684
2021-07-27,91.87565629883663
2021-07-28,85.2183001861532
2021-07-29,
2021-07-30,
2021-07-31,
2021-08-01,83.08979718938144
2021-08-02,86.59908817697998
2021-08-03,85.06009907601087
2021-08-04,90.13794871300884
2021-08-05,81.08162033048774
2021-08-06,85.96819243358142
2021-08-07,85.10781849383814
2021-08-08,83.11582376278542
2021-08-09,86.00323993446695
2021-08-10,86.71779626608763
2021-08-11,84.2503932473772
2021-08-12,78.93486240546669
2021-08-13,86.81229723340084
2021-08-14,74.0371010461985
2021-08-15,83.74689420917646
2021-08-16,86.9425391445005
2021-08-17,76.0129953505058
2021-08-18,74.00073280266942
2021-08-19,86.42447256723179
2021-08-20,79.60792072773499
2021-08-21,76.4164531786903
2021-08-22,75.34085824430413
2021-08-23,86.6523336092399
2021-08-24,82.0701110222565
2021-08-25,84.95186823693885
2021-08-26,85.92312520361786
2021-08-27,85.2438438865332
2021-08-28,87.6136245835696
2021-08-29,
2021-08-30,
2021-08-31,
2021-09-01,74.77669140591337
2021-09-02,78.21307572355843
2021-09-03,75.96778011417435
2021-09-04,72.18983670868347
2021-09-05,69.95221397924921
2021-09-06,66.76249265551365
2021-09-07,77.2917084411488
2021-09-08,77.43818159819112
2021-09-09,84.12193135860983
2021-09-10,77.36287527438934
2021-09-11,77.83242405112055
2021-09-12,72.96318408300014
2021-09-13,69.44620803780829
2021-09-14,72.27904337049014
2021-09-15,75.10877817183678
2021-09-16,74.76659163145064
2021-09-17,71.99243017372605
2021-09-18,73.99984257040117
2021-09-19,70.07121382936431
2021-09-20,74.69786547453815
2021-09-21,68.21043914380937
2021-09-22,80.54705851697143
2021-09-23,82.82203826596101
2021-09-24,75.03555946189745
2021-09-25,68.71539941140396
2021-09-26,71.63648967402021
2021-09-27,71.1273531326602
2021-09-28,65.29845311524805
2021-09-29,
2021-09-30,
2021-09-31,
2021-10-01,77.12238528296207
2021-10-02,72.22703809892663
2021-10-03,78.02011966816957
2021-10-04,63.38593675469848
2021-10-05,68.03386002665242
2021-10-06,71.9484629497167
2021-10-07,65.15323179724057
2021-10-08,70.49102686057302
2021-10-09,70.95907384638319
2021-10-10,68.41922402119295
2021-10-11,71.10962974982391
2021-10-12,74.02167737948538
2021-10-13,68.47857460166301
2021-10-14,68.75879501479388
2021-10-15,58.8577235452019
2021-10-16,59.51059921239437
2021-10-17,61.00304633091347
2021-10-18,62.00001107517414
2021-10-19,66.09928632954339
2021-10-20,72.76976392908526
2021-10-21,55.88823023104091
2021-10-22,57.60689406666639
2021-10-23,64.31609192301539
2021-10-24,66.01787362497537
2021-10-25,74.45361514473413
2021-10-26,58.80226103133378
2021-10-27,65.55058624296207
2021-10-28,70.03268441002847
2021-10-29,
2021-10-30,
2021-10-31,
2021-11-01,63.85639063622114
2021-11-02,63.75583002013207
2021-11-03,52.9903140214029
2021-11-04,36.903245199901534
2021-11-05,45.983610064151875
2021-11-06,52.87875184653018
2021-11-07,48.93017342459977
2021-11-08,57.4572908574251
2021-11-09,51.25840943519296
2021-11-10,45.18726078830856
2021-11-11,41.95358073377707
2021-11-12,49.68084243018858
2021-11-13,49.49423624337192
2021-11-14,50.59588112913308
2021-11-15,40.86060623372195
2021-11-16,46.386265314901934
2021-11-17,48.99990632808246
2021-11-18,53.99999780061953
2021-11-19,49.402078858013475
2021-11-20,48.88710813999058
2021-11-21,50.700001071343
2021-11-22,44.70122471202927
2021-11-23,42.63373166267501
2021-11-24,44.006671202807134
2021-11-25,42.74368435153515
2021-11-26,41.736422182558826
2021-11-27,53.09283684193102
2021-11-28,42.12318830827778
2021-11-29,
2021-11-30,
2021-11-31,
2021-12-01,32.08707753843095
2021-12-02,31.957261973222266
2021-12-03,36.00403877614402
2021-12-04,40.61610093769559
2021-12-05,36.00894250694794
2021-12-06,41.9682376950944
2021-12-07,35.70990535186566
2021-12-08,29.48029391095545
2021-12-09,32.246739042264515
2021-12-10,36.16902804997057
2021-12-11,34.0270214419679
2021-12-12,33.43424219031064
2021-12-13,29.36148430904837
2021-12-14,33.28950272225392
2021-12-15,38.925066144288344
2021-12-16,36.698609135902046
2021-12-17,33.99981541382188
2021-12-18,32.99999863915006
2021-12-19,30.326999330633374
2021-12-20,28.95648029441012
2021-12-21,34.80867277122755
2021-12-22,25.107707287748863
2021-12-23,17.173095208737
2021-12-24,25.002150921392463
2021-12-25,26.99954202066813
2021-12-26,27.778942630012068
2021-12-27,32.81646112697581
2021-12-28,29.34633086384077
2021-12-29,
2021-12-30,
2021-12-31,
