DATE,TMAX,TMIN
2000-01-01,24.0,5.0
2000-01-02,28.0,4.0
2000-01-03,25.0,12.0
2000-01-04,16.0,-2.0
2000-01-06,-2.0,-16.0
2000-01-07,10.1,-6.0
2000-01-08,27.0,-1.0
2000-01-09,22.0,-3.0
2000-01-10,17.0,9.0
2000-01-11,10.1,-1.0
2000-01-12,23.0,1.0
2000-01-13,13.0,-7.0
2000-01-14,16.0,3.0
2000-01-15,19.0,-1.0
2000-01-16,11.0,-3.0
2000-01-17,17.0,2.0
2000-01-18,13.0,-3.0
2000-01-19,19.0,-2.0
2000-01-20,24.0,11.0
2000-01-21,14.0,3.0
2000-01-22,16.0,3.0
2000-01-23,14.0,-1.0
2000-01-24,11.0,1.0
2000-01-25,9.0,1.0
2000-01-26,11.0,1.0
2000-01-27,15.0,1.0
2000-01-28,8.0,-1.0
2000-01-29,19.0,3.0
2000-01-30,11.0,-1.0
2000-01-31,11.0,-3.0
2000-02-01,25.0,7.0
2000-02-02,15.0,5.0
2000-02-03,19.0,8.0
2000-02-04,22.0,10.1
2000-02-05,28.0,16.0
2000-02-06,20.1,10.1
2000-02-07,20.1,8.0
2000-02-08,23.0,11.0
2000-02-09,27.0,13.0
2000-02-10,31.0,9.0
2000-02-11,24.0,17.0
2000-02-12,24.0,9.0
2000-02-13,29.0,8.0
2000-02-14,20.1,7.0
2000-02-15,20.1,4.0
2000-02-16,30.1,12.0
2000-02-17,26.0,18.0
2000-02-18,24.0,11.0
2000-02-19,22.0,8.0
2000-02-20,19.0,9.0
2000-02-21,14.0,11.0
2000-02-22,11.0,7.0
2000-02-23,20.1,4.0
2000-02-24,19.0,3.0
2000-02-25,20.1,2.0
2000-02-26,27.0,8.0
2000-02-27,19.0,6.0
2000-02-28,37.0,9.0
2000-02-29,29.0,15.0
2000-03-01,26.0,19.0
2000-03-02,31.0,14.0
2000-03-03,27.0,13.0
2000-03-04,24.0,12.0
2000-03-05,22.0,11.0
2000-03-06,28.0,14.0
2000-03-07,30.1,19.0
2000-03-08,36.0,21.0
2000-03-09,36.0,22.0
2000-03-10,34.0,25.0
2000-03-11,36.0,23.0
2000-03-12,38.0,24.0
2000-03-13,41.0,24.0
2000-03-14,46.0,27.0
2000-03-15,47.0,29.0
2000-03-16,47.0,30.1
2000-03-17,40.1,31.0
2000-03-18,37.0,27.0
2000-03-19,34.0,28.0
2000-03-20,28.0,25.0
2000-03-21,27.0,18.0
2000-03-22,35.0,18.0
2000-03-23,38.0,22.0
2000-03-24,45.0,27.0
2000-03-25,56.0,34.0
2000-03-26,63.0,38.0
2000-03-27,60.1,43.0
2000-03-28,57.0,38.0
2000-03-29,43.0,34.0
2000-03-30,48.0,36.0
2000-03-31,53.0,40.1
2000-04-01,63.0,38.0
2000-04-02,60.1,44.0
2000-04-03,60.1,43.0
2000-04-04,63.0,44.0
2000-04-05,62.0,45.0
2000-04-06,69.0,45.0
2000-04-07,63.0,45.0
2000-04-08,57.0,42.0
2000-04-09,65.0,39.0
2000-04-10,71.0,56.0
2000-04-11,61.0,42.0
2000-04-12,54.0,35.0
2000-04-13,64.0,44.0
2000-04-14,66.0,53.0
2000-04-15,66.0,46.0
2000-04-16,65.0,52.0
2000-04-17,63.0,45.0
2000-04-18,56.0,44.0
2000-04-19,66.0,44.0
2000-04-20,66.0,45.0
2000-04-21,72.0,47.0
2000-04-22,69.0,55.0
2000-04-23,67.0,50.1
2000-04-24,70.1,47.0
2000-04-25,74.0,50.1
2000-04-26,75.0,57.0
2000-04-27,72.0,56.0
2000-04-28,65.0,45.0
2000-04-29,74.0,51.0
2000-04-30,72.0,55.0
2000-05-01,71.0,54.0
2000-05-02,77.0,57.0
2000-05-03,71.0,56.0
2000-05-04,77.0,54.0
2000-05-05,85.0,64.0
2000-05-06,81.0,37.0
2000-05-07,63.0,39.0
2000-05-08,70.1,47.0
2000-05-09,82.0,53.0
2000-05-10,77.0,56.0
2000-05-11,82.0,60.1
2000-05-12,77.0,56.0
2000-05-13,68.0,52.0
2000-05-14,69.0,52.0
2000-05-15,71.0,54.0
2000-05-16,79.0,56.0
2000-05-17,87.0,59.0
2000-05-18,94.0,65.0
2000-05-19,89.0,71.0
2000-05-20,85.0,69.0
2000-05-21,92.0,67.0
2000-05-22,90.1,57.0
2000-05-23,65.0,55.0
2000-05-24,74.0,54.0
2000-05-25,81.0,57.0
2000-05-26,78.0,65.0
2000-05-27,78.0,61.0
2000-05-28,73.0,51.0
2000-05-29,77.0,54.0
2000-05-30,78.0,62.0
2000-05-31,82.0,62.0
2000-06-01,81.0,62.0
2000-06-02,73.0,57.0
2000-06-03,68.0,54.0
2000-06-04,68.0,50.1
2000-06-05,68.0,54.0
2000-06-06,83.0,54.0
2000-06-07,88.0,62.0
2000-06-08,93.0,67.0
2000-06-09,92.0,74.0
2000-06-10,78.0,60.1
2000-06-11,64.0,52.0
2000-06-12,60.1,47.0
2000-06-13,76.0,52.0
2000-06-14,80.1,60.1
2000-06-15,78.0,64.0
2000-06-16,84.0,65.0
2000-06-17,83.0,69.0
2000-06-18,80.1,62.0
2000-06-19,82.0,62.0
2000-06-20,85.0,67.0
2000-06-21,85.0,68.0
2000-06-22,82.0,69.0
2000-06-23,81.0,63.0
2000-06-24,84.0,63.0
2000-06-25,85.0,67.0
2000-06-26,92.0,69.0
2000-06-27,94.0,72.0
2000-06-28,96.0,72.0
2000-06-29,93.0,76.0
2000-06-30,81.0,63.0
2000-07-01,86.0,67.0
2000-07-02,87.0,68.0
2000-07-03,80.1,59.0
2000-07-04,75.0,58.0
2000-07-05,81.0,61.0
2000-07-06,87.0,64.0
2000-07-07,92.0,67.0
2000-07-08,94.0,75.0
2000-07-09,97.0,75.0
2000-07-10,102.0,75.0
2000-07-11,99.0,78.0
2000-07-12,93.0,74.0
2000-07-13,87.0,70.1
2000-07-14,90.1,69.0
2000-07-15,88.0,70.1
2000-07-16,83.0,65.0
2000-07-17,80.1,69.0
2000-07-18,72.0,60.1
2000-07-19,80.1,64.0
2000-07-20,86.0,69.0
2000-07-21,89.0,71.0
2000-07-22,87.0,72.0
2000-07-23,79.0,67.0
2000-07-24,82.0,66.0
2000-07-25,78.0,72.0
2000-07-26,82.0,62.0
2000-07-27,81.0,66.0
2000-07-28,86.0,62.0
2000-07-29,88.0,68.0
2000-07-30,88.0,70.1
2000-07-31,88.0,75.0
2000-08-01,89.0,72.0
2000-08-02,84.0,67.0
2000-08-03,86.0,66.0
2000-08-04,80.1,61.0
2000-08-05,82.0,64.0
2000-08-06,88.0,65.0
2000-08-07,95.0,70.1
2000-08-08,96.0,72.0
2000-08-09,94.0,74.0
2000-08-10,89.0,69.0
2000-08-11,74.0,57.0
2000-08-12,74.0,60.1
2000-08-13,83.0,60.1
2000-08-14,88.0,64.0
2000-08-15,85.0,72.0
2000-08-16,86.0,67.0
2000-08-17,87.0,66.0
2000-08-18,83.0,65.0
2000-08-19,72.0,59.0
2000-08-20,80.1,60.1
2000-08-21,86.0,62.0
2000-08-22,84.0,65.0
2000-08-23,91.0,66.0
2000-08-24,85.0,57.0
2000-08-25,75.0,56.0
2000-08-26,81.0,59.0
2000-08-27,85.0,61.0
2000-08-28,89.0,64.0
2000-08-29,92.0,67.0
2000-08-30,85.0,68.0
2000-08-31,74.0,57.0
2000-09-01,65.0,44.0
2000-09-02,65.0,43.0
2000-09-03,67.0,49.0
2000-09-04,76.0,49.0
2000-09-05,79.0,68.0
2000-09-06,85.0,68.0
2000-09-07,79.0,60.1
2000-09-08,76.0,60.1
2000-09-09,74.0,60.1
2000-09-10,79.0,59.0
2000-09-11,82.0,60.1
2000-09-12,86.0,63.0
2000-09-13,89.0,63.0
2000-09-14,92.0,66.0
2000-09-15,85.0,67.0
2000-09-16,78.0,66.0
2000-09-17,81.0,61.0
2000-09-18,77.0,62.0
2000-09-19,81.0,61.0
2000-09-20,79.0,52.0
2000-09-21,64.0,49.0
2000-09-22,67.0,49.0
2000-09-23,71.0,54.0
2000-09-24,80.1,54.0
2000-09-25,81.0,58.0
2000-09-26,76.0,46.0
2000-09-27,47.0,37.0
2000-09-28,53.0,38.0
2000-09-29,62.0,41.0
2000-09-30,59.0,45.0
2000-10-01,52.0,43.0
2000-10-02,56.0,41.0
2000-10-03,57.0,44.0
2000-10-04,67.0,45.0
2000-10-05,61.0,45.0
2000-10-06,53.0,44.0
2000-10-07,55.0,40.1
2000-10-08,48.0,32.0
2000-10-09,32.0,22.0
2000-10-10,36.0,22.0
2000-10-11,38.0,26.0
2000-10-12,42.0,28.0
2000-10-13,49.0,31.0
2000-10-14,55.0,36.0
2000-10-15,65.0,45.0
2000-10-16,54.0,40.1
2000-10-17,43.0,30.1
2000-10-18,38.0,29.0
2000-10-19,38.0,28.0
2000-10-20,41.0,30.1
2000-10-21,48.0,33.0
2000-10-22,42.0,27.0
2000-10-23,27.0,17.0
2000-10-24,27.0,17.0
2000-10-25,38.0,22.0
2000-10-26,36.0,28.0
2000-10-27,35.0,28.0
2000-10-28,41.0,25.0
2000-10-29,47.0,28.0
2000-10-30,50.1,36.0
2000-10-31,45.0,34.0
2000-11-01,44.0,33.0
2000-11-02,40.1,26.0
2000-11-03,42.0,28.0
2000-11-04,42.0,27.0
2000-11-05,36.0,28.0
2000-11-06,29.0,19.0
2000-11-07,27.0,19.0
2000-11-08,26.0,21.0
2000-11-09,26.0,15.0
2000-11-10,26.0,14.0
2000-11-11,25.0,14.0
2000-11-12,28.0,15.0
2000-11-13,29.0,17.0
2000-11-14,30.1,24.0
2000-11-15,41.0,24.0
2000-11-16,30.1,22.0
2000-11-17,28.0,22.0
2000-11-18,32.0,20.1
2000-11-19,36.0,17.0
2000-11-20,25.0,14.0
2000-11-21,35.0,21.0
2000-11-22,29.0,18.0
2000-11-23,31.0,17.0
2000-11-24,27.0,22.0
2000-11-25,24.0,17.0
2000-11-26,18.0,13.0
2000-11-27,15.0,8.0
2000-11-28,34.0,7.0
2000-11-29,38.0,5.0
2000-11-30,26.0,6.0
2000-12-01,24.0,9.0
2000-12-02,29.0,7.0
2000-12-03,32.0,7.0
2000-12-04,38.0,14.0
2000-12-05,35.0,12.0
2000-12-06,40.1,16.0
2000-12-07,29.0,13.0
2000-12-08,19.0,10.1
2000-12-09,12.0,4.0
2000-12-10,5.0,-1.0
2000-12-11,30.1,4.0
2000-12-12,17.0,4.0
2000-12-13,16.0,3.0
2000-12-14,27.0,7.0
2000-12-15,30.1,8.0
2000-12-16,35.0,9.0
2000-12-17,30.1,10.1
2000-12-18,31.0,17.0
2000-12-19,34.0,14.0
2000-12-20,24.0,8.0
2000-12-21,38.0,14.0
2000-12-22,30.1,6.0
2000-12-23,42.0,16.0
2000-12-24,36.0,13.0
2000-12-25,37.0,21.0
2000-12-26,25.0,15.0
2000-12-27,24.0,13.0
2000-12-28,33.0,18.0
2000-12-29,36.0,21.0
2000-12-30,29.0,14.0
2000-12-31,38.0,13.0
2001-01-01,30.1,15.0
2001-01-02,30.1,20.1
2001-01-03,22.0,13.0
2001-01-04,34.0,13.0
2001-01-05,33.0,14.0
2001-01-06,28.0,9.0
2001-01-07,10.1,-5.0
2001-01-08,-1.0,-14.0
2001-01-09,3.0,-14.0
2001-01-10,17.0,-7.0
2001-01-11,32.0,0.1
2001-01-12,21.0,11.0
2001-01-13,14.0,6.0
2001-01-14,18.0,5.0
2001-01-15,37.0,11.0
2001-01-16,36.0,3.0
2001-01-17,22.0,11.0
2001-01-18,19.0,5.0
2001-01-19,17.0,2.0
2001-01-20,26.0,4.0
2001-01-21,19.0,7.0
2001-01-22,15.0,9.0
2001-01-23,13.0,7.0
2001-01-24,24.0,7.0
2001-01-25,18.0,-1.0
2001-01-26,12.0,2.0
2001-01-27,8.0,0.1
2001-01-28,6.0,-4.0
2001-01-29,11.0,-9.0
2001-01-30,16.0,1.0
2001-01-31,10.1,1.0
2001-02-01,12.0,1.0
2001-02-02,24.0,1.0
2001-02-03,25.0,5.0
2001-02-04,10.1,-1.0
2001-02-05,6.0,-2.0
2001-02-06,3.0,-6.0
2001-02-07,11.0,-3.0
2001-02-08,20.1,4.0
2001-02-09,11.0,-1.0
2001-02-10,19.0,6.0
2001-02-11,22.0,10.1
2001-02-12,26.0,5.0
2001-02-13,27.0,2.0
2001-02-14,32.0,12.0
2001-02-15,14.0,4.0
2001-02-16,24.0,8.0
2001-02-17,35.0,13.0
2001-02-18,34.0,17.0
2001-02-19,34.0,21.0
2001-02-20,28.0,18.0
2001-02-21,30.1,24.0
2001-02-22,28.0,18.0
2001-02-23,25.0,13.0
2001-02-24,34.0,18.0
2001-02-25,36.0,23.0
2001-02-26,33.0,19.0
2001-02-27,49.0,26.0
2001-02-28,42.0,21.0
2001-03-01,33.0,20.1
2001-03-02,36.0,17.0
2001-03-03,31.0,17.0
2001-03-04,25.0,17.0
2001-03-05,25.0,18.0
2001-03-06,22.0,11.0
2001-03-07,24.0,13.0
2001-03-08,33.0,17.0
2001-03-09,45.0,27.0
2001-03-10,48.0,27.0
2001-03-11,51.0,30.1
2001-03-12,37.0,28.0
2001-03-13,31.0,21.0
2001-03-14,33.0,23.0
2001-03-15,36.0,26.0
2001-03-16,40.1,26.0
2001-03-17,45.0,29.0
2001-03-18,49.0,30.1
2001-03-19,51.0,32.0
2001-03-20,53.0,36.0
2001-03-21,50.1,37.0
2001-03-22,55.0,37.0
2001-03-23,56.0,39.0
2001-03-24,59.0,37.0
2001-03-25,59.0,37.0
2001-03-26,61.0,42.0
2001-03-27,71.0,40.1
2001-03-28,72.0,59.0
2001-03-29,68.0,47.0
2001-03-30,70.1,47.0
2001-03-31,68.0,47.0
2001-04-01,70.1,51.0
2001-04-02,66.0,34.0
2001-04-03,43.0,31.0
2001-04-04,55.0,33.0
2001-04-05,58.0,35.0
2001-04-06,50.1,32.0
2001-04-07,49.0,20.1
2001-04-08,33.0,19.0
2001-04-09,38.0,23.0
2001-04-10,49.0,29.0
2001-04-11,56.0,40.1
2001-04-12,61.0,37.0
2001-04-13,70.1,44.0
2001-04-14,72.0,58.0
2001-04-15,78.0,48.0
2001-04-16,76.0,55.0
2001-04-17,68.0,48.0
2001-04-18,63.0,47.0
2001-04-19,61.0,42.0
2001-04-20,63.0,47.0
2001-04-21,60.1,42.0
2001-04-22,62.0,45.0
2001-04-23,65.0,44.0
2001-04-24,66.0,47.0
2001-04-25,65.0,53.0
2001-04-26,61.0,44.0
2001-04-27,64.0,43.0
2001-04-28,61.0,29.0
2001-04-29,63.0,35.0
2001-04-30,67.0,46.0
2001-05-01,66.0,52.0
2001-05-02,67.0,54.0
2001-05-03,77.0,52.0
2001-05-04,72.0,54.0
2001-05-05,67.0,52.0
2001-05-06,73.0,53.0
2001-05-07,82.0,56.0
2001-05-08,85.0,69.0
2001-05-09,86.0,61.0
2001-05-10,85.0,63.0
2001-05-11,89.0,63.0
2001-05-12,73.0,57.0
2001-05-13,70.1,51.0
2001-05-14,78.0,50.1
2001-05-15,83.0,69.0
2001-05-16,79.0,63.0
2001-05-17,84.0,63.0
2001-05-18,92.0,74.0
2001-05-19,88.0,65.0
2001-05-20,71.0,51.0
2001-05-21,70.1,53.0
2001-05-22,64.0,46.0
2001-05-23,69.0,45.0
2001-05-24,74.0,51.0
2001-05-25,79.0,52.0
2001-05-26,84.0,60.1
2001-05-27,83.0,64.0
2001-05-28,86.0,61.0
2001-05-29,89.0,64.0
2001-05-30,92.0,68.0
2001-05-31,90.1,67.0
2001-06-01,92.0,69.0
2001-06-02,94.0,69.0
2001-06-03,88.0,50.1
2001-06-04,74.0,53.0
2001-06-05,81.0,58.0
2001-06-06,85.0,62.0
2001-06-07,85.0,61.0
2001-06-08,83.0,51.0
2001-06-09,73.0,50.1
2001-06-10,80.1,57.0
2001-06-11,93.0,65.0
2001-06-12,90.1,57.0
2001-06-13,77.0,56.0
2001-06-14,83.0,63.0
2001-06-15,79.0,60.1
2001-06-16,85.0,63.0
2001-06-17,88.0,65.0
2001-06-18,92.0,69.0
2001-06-19,97.0,72.0
2001-06-20,102.0,72.0
2001-06-21,100.1,75.0
2001-06-22,90.1,75.0
2001-06-23,79.0,58.0
2001-06-24,74.0,63.0
2001-06-25,72.0,62.0
2001-06-26,87.0,61.0
2001-06-27,90.1,68.0
2001-06-28,96.0,70.1
2001-06-29,87.0,69.0
2001-06-30,85.0,65.0
2001-07-01,92.0,68.0
2001-07-02,90.1,69.0
2001-07-03,87.0,65.0
2001-07-04,85.0,61.0
2001-07-05,77.0,53.0
2001-07-06,76.0,55.0
2001-07-07,82.0,57.0
2001-07-08,89.0,67.0
2001-07-09,88.0,66.0
2001-07-10,93.0,68.0
2001-07-11,94.0,68.0
2001-07-12,94.0,73.0
2001-07-13,87.0,65.0
2001-07-14,77.0,64.0
2001-07-15,79.0,63.0
2001-07-16,85.0,64.0
2001-07-17,91.0,68.0
2001-07-18,89.0,69.0
2001-07-19,93.0,72.0
2001-07-20,94.0,76.0
2001-07-21,90.1,71.0
2001-07-22,86.0,66.0
2001-07-23,82.0,62.0
2001-07-24,88.0,65.0
2001-07-25,84.0,67.0
2001-07-26,84.0,69.0
2001-07-27,91.0,69.0
2001-07-28,89.0,71.0
2001-07-29,85.0,64.0
2001-07-30,68.0,57.0
2001-07-31,58.0,55.0
2001-08-01,72.0,55.0
2001-08-02,78.0,57.0
2001-08-03,83.0,62.0
2001-08-04,88.0,65.0
2001-08-05,88.0,68.0
2001-08-06,92.0,70.1
2001-08-07,90.1,69.0
2001-08-08,92.0,67.0
2001-08-09,90.1,70.1
2001-08-10,87.0,71.0
2001-08-11,92.0,70.1
2001-08-12,97.0,70.1
2001-08-13,93.0,73.0
2001-08-14,84.0,67.0
2001-08-15,83.0,64.0
2001-08-16,83.0,65.0
2001-08-17,82.0,63.0
2001-08-18,90.1,67.0
2001-08-19,90.1,71.0
2001-08-20,85.0,59.0
2001-08-21,79.0,59.0
2001-08-22,83.0,62.0
2001-08-23,85.0,64.0
2001-08-24,86.0,69.0
2001-08-25,89.0,69.0
2001-08-26,87.0,72.0
2001-08-27,84.0,64.0
2001-08-28,80.1,62.0
2001-08-29,81.0,65.0
2001-08-30,78.0,61.0
2001-08-31,78.0,58.0
2001-09-01,79.0,58.0
2001-09-02,82.0,60.1
2001-09-03,84.0,63.0
2001-09-04,83.0,64.0
2001-09-05,79.0,60.1
2001-09-06,83.0,58.0
2001-09-07,86.0,62.0
2001-09-08,87.0,65.0
2001-09-09,84.0,69.0
2001-09-10,72.0,58.0
2001-09-11,69.0,51.0
2001-09-12,77.0,52.0
2001-09-13,72.0,48.0
2001-09-14,55.0,42.0
2001-09-15,58.0,45.0
2001-09-16,68.0,46.0
2001-09-17,68.0,49.0
2001-09-18,69.0,51.0
2001-09-19,67.0,52.0
2001-09-20,63.0,46.0
2001-09-21,51.0,44.0
2001-09-22,62.0,42.0
2001-09-23,64.0,45.0
2001-09-24,63.0,47.0
2001-09-25,69.0,46.0
2001-09-26,65.0,49.0
2001-09-27,66.0,53.0
2001-09-28,73.0,49.0
2001-09-29,74.0,57.0
2001-09-30,65.0,52.0
2001-10-01,68.0,49.0
2001-10-02,72.0,51.0
2001-10-03,66.0,49.0
2001-10-04,58.0,41.0
2001-10-05,62.0,45.0
2001-10-06,55.0,43.0
2001-10-07,59.0,42.0
2001-10-08,59.0,40.1
2001-10-09,72.0,45.0
2001-10-10,63.0,44.0
2001-10-11,45.0,36.0
2001-10-12,37.0,33.0
2001-10-13,48.0,36.0
2001-10-14,54.0,36.0
2001-10-15,61.0,39.0
2001-10-16,60.1,45.0
2001-10-17,65.0,44.0
2001-10-18,58.0,33.0
2001-10-19,49.0,36.0
2001-10-20,47.0,34.0
2001-10-21,58.0,37.0
2001-10-22,58.0,43.0
2001-10-23,67.0,43.0
2001-10-24,50.1,41.0
2001-10-25,48.0,38.0
2001-10-26,49.0,37.0
2001-10-27,63.0,39.0
2001-10-28,45.0,36.0
2001-10-29,37.0,31.0
2001-10-30,40.1,29.0
2001-10-31,38.0,29.0
2001-11-01,36.0,28.0
2001-11-02,41.0,31.0
2001-11-03,41.0,31.0
2001-11-04,51.0,32.0
2001-11-05,45.0,32.0
2001-11-06,46.0,31.0
2001-11-07,50.1,33.0
2001-11-08,44.0,33.0
2001-11-09,49.0,34.0
2001-11-10,47.0,35.0
2001-11-11,50.1,38.0
2001-11-12,47.0,34.0
2001-11-13,45.0,34.0
2001-11-14,52.0,34.0
2001-11-15,51.0,35.0
2001-11-16,46.0,35.0
2001-11-17,52.0,36.0
2001-11-18,55.0,35.0
2001-11-19,50.1,34.0
2001-11-20,49.0,34.0
2001-11-21,43.0,34.0
2001-11-22,39.0,32.0
2001-11-23,38.0,30.1
2001-11-24,36.0,26.0
2001-11-25,33.0,23.0
2001-11-26,30.1,23.0
2001-11-27,37.0,26.0
2001-11-28,30.1,20.1
2001-11-29,21.0,10.1
2001-11-30,15.0,6.0
2001-12-01,11.0,4.0
2001-12-02,6.0,2.0
2001-12-03,10.1,2.0
2001-12-04,11.0,2.0
2001-12-05,4.0,-2.0
2001-12-06,9.0,-4.0
2001-12-07,8.0,-1.0
2001-12-08,5.0,-1.0
2001-12-09,12.0,-1.0
2001-12-10,8.0,-8.0
2001-12-11,0.1,-14.0
2001-12-12,-9.0,-16.0
2001-12-13,-9.0,-16.0
2001-12-14,5.0,-14.0
2001-12-15,15.0,-3.0
2001-12-16,12.0,-6.0
2001-12-17,3.0,-3.0
2001-12-18,1.0,-4.0
2001-12-19,4.0,-4.0
2001-12-20,11.0,-6.0
2001-12-21,11.0,-1.0
2001-12-22,19.0,0.1
2001-12-23,26.0,5.0
2001-12-24,20.1,14.0
2001-12-25,28.0,13.0
2001-12-26,18.0,8.0
2001-12-27,14.0,8.0
2001-12-28,13.0,6.0
2001-12-29,20.1,5.0
2001-12-30,26.0,-1.0
2001-12-31,26.0,9.0
2002-01-01,29.0,9.0
2002-01-02,31.0,19.0
2002-01-03,24.0,14.0
2002-01-04,26.0,10.1
2002-01-05,40.1,8.0
2002-01-06,35.0,11.0
2002-01-07,35.0,12.0
2002-01-08,50.1,20.1
2002-01-09,42.0,13.0
2002-01-10,36.0,17.0
2002-01-11,31.0,27.0
2002-01-12,35.0,24.0
2002-01-13,29.0,19.0
2002-01-14,21.0,11.0
2002-01-15,26.0,6.0
2002-01-16,16.0,4.0
2002-01-17,18.0,2.0
2002-01-18,26.0,6.0
2002-01-19,26.0,6.0
2002-01-20,15.0,-1.0
2002-01-21,12.0,3.0
2002-01-22,14.0,3.0
2002-01-23,14.0,1.0
2002-01-24,13.0,4.0
2002-01-25,18.0,2.0
2002-01-26,13.0,5.0
2002-01-27,19.0,4.0
2002-01-28,14.0,3.0
2002-01-29,11.0,2.0
2002-01-30,20.1,2.0
2002-01-31,16.0,-1.0
2002-02-01,19.0,5.0
2002-02-02,22.0,6.0
2002-02-03,33.0,11.0
2002-02-04,28.0,13.0
2002-02-05,23.0,5.0
2002-02-06,23.0,19.0
2002-02-07,22.0,14.0
2002-02-08,29.0,5.0
2002-02-09,21.0,4.0
2002-02-10,29.0,6.0
2002-02-11,26.0,15.0
2002-02-12,29.0,8.0
2002-02-13,33.0,17.0
2002-02-14,31.0,18.0
2002-02-15,29.0,19.0
2002-02-16,36.0,18.0
2002-02-17,36.0,22.0
2002-02-18,34.0,26.0
2002-02-19,35.0,27.0
2002-02-20,28.0,25.0
2002-02-21,26.0,19.0
2002-02-22,24.0,18.0
2002-02-23,22.0,15.0
2002-02-24,33.0,12.0
2002-02-25,15.0,5.0
2002-02-26,26.0,11.0
2002-02-27,27.0,13.0
2002-02-28,26.0,11.0
2002-03-01,22.0,11.0
2002-03-02,22.0,9.0
2002-03-03,19.0,7.0
2002-03-04,30.1,12.0
2002-03-05,25.0,17.0
2002-03-06,38.0,17.0
2002-03-07,39.0,21.0
2002-03-08,35.0,26.0
2002-03-09,35.0,25.0
2002-03-10,33.0,24.0
2002-03-11,50.1,28.0
2002-03-12,38.0,26.0
2002-03-13,40.1,27.0
2002-03-14,43.0,28.0
2002-03-15,41.0,27.0
2002-03-16,41.0,28.0
2002-03-17,40.1,25.0
2002-03-18,58.0,29.0
2002-03-19,32.0,20.1
2002-03-20,35.0,22.0
2002-03-21,40.1,24.0
2002-03-22,37.0,28.0
2002-03-23,42.0,28.0
2002-03-24,55.0,35.0
2002-03-25,57.0,42.0
2002-03-26,53.0,41.0
2002-03-27,61.0,38.0
2002-03-28,56.0,36.0
2002-03-29,63.0,39.0
2002-03-30,69.0,49.0
2002-03-31,67.0,43.0
2002-04-01,50.1,40.1
2002-04-02,51.0,41.0
2002-04-03,54.0,39.0
2002-04-04,53.0,27.0
2002-04-05,34.0,22.0
2002-04-06,37.0,26.0
2002-04-07,45.0,28.0
2002-04-08,47.0,34.0
2002-04-09,55.0,35.0
2002-04-10,67.0,41.0
2002-04-11,78.0,48.0
2002-04-12,79.0,56.0
2002-04-13,62.0,33.0
2002-04-14,44.0,34.0
2002-04-15,49.0,32.0
2002-04-16,52.0,36.0
2002-04-17,59.0,38.0
2002-04-18,68.0,45.0
2002-04-19,58.0,44.0
2002-04-20,53.0,43.0
2002-04-21,47.0,31.0
2002-04-22,54.0,36.0
2002-04-23,64.0,49.0
2002-04-24,60.1,47.0
2002-04-25,60.1,46.0
2002-04-26,58.0,46.0
2002-04-27,67.0,45.0
2002-04-28,66.0,47.0
2002-04-29,48.0,43.0
2002-04-30,47.0,41.0
2002-05-01,58.0,43.0
2002-05-02,65.0,44.0
2002-05-03,60.1,40.1
2002-05-04,58.0,44.0
2002-05-05,62.0,44.0
2002-05-06,66.0,47.0
2002-05-07,64.0,53.0
2002-05-08,69.0,49.0
2002-05-09,76.0,53.0
2002-05-10,72.0,55.0
2002-05-11,66.0,51.0
2002-05-12,76.0,51.0
2002-05-13,84.0,64.0
2002-05-14,78.0,63.0
2002-05-15,78.0,55.0
2002-05-16,62.0,51.0
2002-05-17,70.1,48.0
2002-05-18,53.0,42.0
2002-05-19,63.0,43.0
2002-05-20,73.0,47.0
2002-05-21,79.0,59.0
2002-05-22,78.0,63.0
2002-05-23,83.0,62.0
2002-05-24,87.0,62.0
2002-05-25,83.0,65.0
2002-05-26,74.0,61.0
2002-05-27,83.0,60.1
2002-05-28,83.0,65.0
2002-05-29,83.0,64.0
2002-05-30,85.0,67.0
2002-05-31,84.0,69.0
2002-06-01,84.0,67.0
2002-06-02,86.0,63.0
2002-06-03,88.0,67.0
2002-06-04,81.0,64.0
2002-06-05,78.0,59.0
2002-06-06,76.0,58.0
2002-06-07,72.0,59.0
2002-06-08,74.0,59.0
2002-06-09,80.1,59.0
2002-06-10,86.0,65.0
2002-06-11,80.1,62.0
2002-06-12,82.0,61.0
2002-06-13,80.1,67.0
2002-06-14,87.0,63.0
2002-06-15,84.0,65.0
2002-06-16,78.0,58.0
2002-06-17,79.0,60.1
2002-06-18,75.0,53.0
2002-06-19,75.0,57.0
2002-06-20,78.0,61.0
2002-06-21,79.0,59.0
2002-06-22,88.0,62.0
2002-06-23,92.0,68.0
2002-06-24,89.0,69.0
2002-06-25,80.1,62.0
2002-06-26,83.0,65.0
2002-06-27,86.0,64.0
2002-06-28,86.0,66.0
2002-06-29,90.1,68.0
2002-06-30,87.0,68.0
2002-07-01,88.0,70.1
2002-07-02,86.0,67.0
2002-07-03,75.0,62.0
2002-07-04,78.0,61.0
2002-07-05,81.0,65.0
2002-07-06,79.0,63.0
2002-07-07,80.1,65.0
2002-07-08,83.0,63.0
2002-07-09,81.0,62.0
2002-07-10,85.0,64.0
2002-07-11,83.0,63.0
2002-07-12,79.0,59.0
2002-07-13,86.0,66.0
2002-07-14,90.1,69.0
2002-07-15,89.0,73.0
2002-07-16,92.0,72.0
2002-07-17,95.0,74.0
2002-07-18,94.0,74.0
2002-07-19,97.0,76.0
2002-07-20,99.0,75.0
2002-07-21,93.0,80.1
2002-07-22,89.0,73.0
2002-07-23,79.0,58.0
2002-07-24,69.0,58.0
2002-07-25,72.0,55.0
2002-07-26,80.1,58.0
2002-07-27,84.0,63.0
2002-07-28,86.0,66.0
2002-07-29,83.0,69.0
2002-07-30,80.1,61.0
2002-07-31,87.0,64.0
2002-08-01,85.0,66.0
2002-08-02,84.0,66.0
2002-08-03,89.0,69.0
2002-08-04,92.0,74.0
2002-08-05,87.0,65.0
2002-08-06,87.0,66.0
2002-08-07,90.1,69.0
2002-08-08,91.0,72.0
2002-08-09,92.0,76.0
2002-08-10,99.0,72.0
2002-08-11,96.0,85.0
2002-08-12,99.0,87.0
2002-08-13,95.0,75.0
2002-08-14,85.0,69.0
2002-08-15,83.0,72.0
2002-08-16,73.0,64.0
2002-08-17,77.0,60.1
2002-08-18,83.0,64.0
2002-08-19,89.0,66.0
2002-08-20,94.0,71.0
2002-08-21,92.0,72.0
2002-08-22,88.0,64.0
2002-08-23,84.0,64.0
2002-08-24,89.0,64.0
2002-08-25,92.0,67.0
2002-08-26,87.0,71.0
2002-08-27,78.0,61.0
2002-08-28,85.0,61.0
2002-08-29,89.0,65.0
2002-08-30,85.0,65.0
2002-08-31,72.0,52.0
2002-09-01,70.1,51.0
2002-09-02,72.0,55.0
2002-09-03,74.0,55.0
2002-09-04,72.0,56.0
2002-09-05,75.0,60.1
2002-09-06,83.0,58.0
2002-09-07,80.1,46.0
2002-09-08,63.0,44.0
2002-09-09,66.0,45.0
2002-09-10,73.0,49.0
2002-09-11,77.0,53.0
2002-09-12,81.0,58.0
2002-09-13,87.0,60.1
2002-09-14,92.0,64.0
2002-09-15,84.0,65.0
2002-09-16,73.0,47.0
2002-09-17,62.0,44.0
2002-09-18,64.0,43.0
2002-09-19,71.0,48.0
2002-09-20,76.0,50.1
2002-09-21,80.1,66.0
2002-09-22,83.0,65.0
2002-09-23,76.0,58.0
2002-09-24,71.0,55.0
2002-09-25,70.1,53.0
2002-09-26,74.0,50.1
2002-09-27,74.0,51.0
2002-09-28,78.0,53.0
2002-09-29,76.0,58.0
2002-09-30,76.0,55.0
2002-10-01,76.0,53.0
2002-10-02,72.0,56.0
2002-10-03,66.0,49.0
2002-10-04,68.0,51.0
2002-10-05,75.0,54.0
2002-10-06,73.0,60.1
2002-10-07,72.0,55.0
2002-10-08,68.0,51.0
2002-10-09,63.0,46.0
2002-10-10,62.0,46.0
2002-10-11,64.0,46.0
2002-10-12,70.1,48.0
2002-10-13,74.0,49.0
2002-10-14,68.0,47.0
2002-10-15,47.0,38.0
2002-10-16,39.0,31.0
2002-10-17,42.0,30.1
2002-10-18,42.0,29.0
2002-10-19,43.0,29.0
2002-10-20,40.1,32.0
2002-10-21,42.0,34.0
2002-10-22,52.0,34.0
2002-10-23,51.0,33.0
2002-10-24,63.0,38.0
2002-10-25,56.0,40.1
2002-10-26,59.0,38.0
2002-10-27,54.0,40.1
2002-10-28,56.0,41.0
2002-10-29,53.0,39.0
2002-10-30,54.0,38.0
2002-10-31,52.0,39.0
2002-11-01,49.0,35.0
2002-11-02,53.0,32.0
2002-11-03,53.0,38.0
2002-11-04,63.0,41.0
2002-11-05,50.1,38.0
2002-11-06,48.0,35.0
2002-11-07,59.0,38.0
2002-11-08,56.0,35.0
2002-11-09,47.0,34.0
2002-11-10,42.0,30.1
2002-11-11,40.1,29.0
2002-11-12,36.0,29.0
2002-11-13,38.0,27.0
2002-11-14,44.0,30.1
2002-11-15,51.0,31.0
2002-11-16,40.1,31.0
2002-11-17,38.0,26.0
2002-11-18,32.0,27.0
2002-11-19,43.0,24.0
2002-11-20,46.0,27.0
2002-11-21,44.0,31.0
2002-11-22,42.0,30.1
2002-11-23,38.0,21.0
2002-11-24,38.0,20.1
2002-11-25,32.0,20.1
2002-11-26,42.0,20.1
2002-11-27,35.0,25.0
2002-11-28,30.1,21.0
2002-11-29,27.0,19.0
2002-11-30,24.0,18.0
2002-12-01,43.0,17.0
2002-12-02,44.0,15.0
2002-12-03,25.0,14.0
2002-12-04,17.0,9.0
2002-12-05,12.0,6.0
2002-12-06,12.0,6.0
2002-12-07,15.0,2.0
2002-12-08,8.0,1.0
2002-12-09,17.0,4.0
2002-12-10,20.1,8.0
2002-12-11,26.0,7.0
2002-12-12,24.0,10.1
2002-12-13,26.0,16.0
2002-12-14,27.0,19.0
2002-12-15,28.0,16.0
2002-12-16,27.0,21.0
2002-12-17,22.0,15.0
2002-12-18,17.0,13.0
2002-12-19,15.0,7.0
2002-12-20,10.1,4.0
2002-12-21,11.0,-1.0
2002-12-22,5.0,-7.0
2002-12-23,6.0,-8.0
2002-12-24,0.1,-5.0
2002-12-25,9.0,-3.0
2002-12-26,2.0,-8.0
2002-12-27,8.0,0.1
2002-12-28,10.1,-1.0
2002-12-29,26.0,0.1
2002-12-30,17.0,1.0
2002-12-31,15.0,2.0
2003-01-01,13.0,-2.0
2003-01-02,-1.0,-8.0
2003-01-03,8.0,-4.0
2003-01-04,21.0,4.0
2003-01-05,13.0,0.1
2003-01-06,19.0,-1.0
2003-01-07,28.0,6.0
2003-01-08,29.0,8.0
2003-01-09,35.0,10.1
2003-01-10,27.0,8.0
2003-01-11,33.0,10.1
2003-01-12,27.0,12.0
2003-01-13,32.0,17.0
2003-01-14,24.0,11.0
2003-01-15,37.0,15.0
2003-01-16,32.0,7.0
2003-01-17,32.0,15.0
2003-01-18,27.0,14.0
2003-01-19,30.1,16.0
2003-01-20,30.1,17.0
2003-01-21,31.0,13.0
2003-01-22,31.0,14.0
2003-01-23,26.0,16.0
2003-01-24,21.0,9.0
2003-01-25,13.0,0.1
2003-01-26,3.0,-8.0
2003-01-27,15.0,-9.0
2003-01-28,12.0,-3.0
2003-01-29,19.0,0.1
2003-01-30,13.0,-7.0
2003-01-31,25.0,8.0
2003-02-01,26.0,16.0
2003-02-02,24.0,10.1
2003-02-03,20.1,4.0
2003-02-04,30.1,9.0
2003-02-05,28.0,10.1
2003-02-06,30.1,13.0
2003-02-07,26.0,10.1
2003-02-08,19.0,8.0
2003-02-09,9.0,4.0
2003-02-10,9.0,1.0
2003-02-11,10.1,2.0
2003-02-12,17.0,4.0
2003-02-13,16.0,3.0
2003-02-14,29.0,8.0
2003-02-15,27.0,17.0
2003-02-16,20.1,13.0
2003-02-17,20.1,12.0
2003-02-18,31.0,12.0
2003-02-19,24.0,20.1
2003-02-20,32.0,18.0
2003-02-21,41.0,18.0
2003-02-22,40.1,16.0
2003-02-23,29.0,20.1
2003-02-24,29.0,20.1
2003-02-25,23.0,17.0
2003-02-26,22.0,16.0
2003-02-27,20.1,11.0
2003-02-28,23.0,8.0
2003-03-01,32.0,15.0
2003-03-02,26.0,16.0
2003-03-03,24.0,14.0
2003-03-04,23.0,18.0
2003-03-05,28.0,17.0
2003-03-06,27.0,15.0
2003-03-07,21.0,13.0
2003-03-08,18.0,9.0
2003-03-09,24.0,9.0
2003-03-10,37.0,19.0
2003-03-11,30.1,16.0
2003-03-12,20.1,15.0
2003-03-13,21.0,11.0
2003-03-14,21.0,11.0
2003-03-15,19.0,9.0
2003-03-16,25.0,12.0
2003-03-17,25.0,13.0
2003-03-18,30.1,17.0
2003-03-19,33.0,18.0
2003-03-20,40.1,27.0
2003-03-21,41.0,26.0
2003-03-22,49.0,30.1
2003-03-23,49.0,32.0
2003-03-24,49.0,37.0
2003-03-25,47.0,33.0
2003-03-26,53.0,36.0
2003-03-27,61.0,40.1
2003-03-28,58.0,41.0
2003-03-29,55.0,39.0
2003-03-30,51.0,41.0
2003-03-31,56.0,36.0
2003-04-01,53.0,34.0
2003-04-02,42.0,34.0
2003-04-03,41.0,30.1
2003-04-04,39.0,29.0
2003-04-05,50.1,28.0
2003-04-06,59.0,35.0
2003-04-07,60.1,42.0
2003-04-08,56.0,24.0
2003-04-09,48.0,26.0
2003-04-10,52.0,34.0
2003-04-11,54.0,37.0
2003-04-12,58.0,40.1
2003-04-13,64.0,43.0
2003-04-14,65.0,45.0
2003-04-15,60.1,20.1
2003-04-16,27.0,13.0
2003-04-17,31.0,20.1
2003-04-18,36.0,24.0
2003-04-19,45.0,26.0
2003-04-20,44.0,31.0
2003-04-21,49.0,34.0
2003-04-22,56.0,41.0
2003-04-23,66.0,36.0
2003-04-24,63.0,48.0
2003-04-25,68.0,49.0
2003-04-26,66.0,48.0
2003-04-27,68.0,47.0
2003-04-28,80.1,52.0
2003-04-29,83.0,69.0
2003-04-30,80.1,53.0
2003-05-01,66.0,47.0
2003-05-02,49.0,39.0
2003-05-03,44.0,40.1
2003-05-04,47.0,40.1
2003-05-05,55.0,43.0
2003-05-06,63.0,45.0
2003-05-07,67.0,49.0
2003-05-08,71.0,49.0
2003-05-09,71.0,53.0
2003-05-10,64.0,45.0
2003-05-11,61.0,46.0
2003-05-12,73.0,51.0
2003-05-13,72.0,56.0
2003-05-14,69.0,48.0
2003-05-15,71.0,52.0
2003-05-16,74.0,55.0
2003-05-17,80.1,54.0
2003-05-18,78.0,59.0
2003-05-19,72.0,54.0
2003-05-20,77.0,58.0
2003-05-21,75.0,56.0
2003-05-22,79.0,55.0
2003-05-23,82.0,61.0
2003-05-24,76.0,58.0
2003-05-25,59.0,51.0
2003-05-26,73.0,50.1
2003-05-27,76.0,58.0
2003-05-28,77.0,59.0
2003-05-29,78.0,59.0
2003-05-30,80.1,65.0
2003-05-31,75.0,54.0
2003-06-01,80.1,59.0
2003-06-02,81.0,62.0
2003-06-03,87.0,65.0
2003-06-04,90.1,70.1
2003-06-05,89.0,69.0
2003-06-06,85.0,63.0
2003-06-07,86.0,65.0
2003-06-08,83.0,67.0
2003-06-09,76.0,63.0
2003-06-10,75.0,65.0
2003-06-11,79.0,65.0
2003-06-12,84.0,65.0
2003-06-13,83.0,67.0
2003-06-14,77.0,64.0
2003-06-15,78.0,64.0
2003-06-16,80.1,68.0
2003-06-17,88.0,67.0
2003-06-18,92.0,71.0
2003-06-19,90.1,71.0
2003-06-20,88.0,68.0
2003-06-21,84.0,70.1
2003-06-22,87.0,67.0
2003-06-23,86.0,57.0
2003-06-24,78.0,58.0
2003-06-25,76.0,55.0
2003-06-26,81.0,61.0
2003-06-27,84.0,64.0
2003-06-28,84.0,67.0
2003-06-29,83.0,66.0
2003-06-30,78.0,58.0
2003-07-01,76.0,61.0
2003-07-02,81.0,62.0
2003-07-03,83.0,64.0
2003-07-04,88.0,68.0
2003-07-05,90.1,70.1
2003-07-06,80.1,71.0
2003-07-07,84.0,65.0
2003-07-08,90.1,70.1
2003-07-09,87.0,69.0
2003-07-10,82.0,68.0
2003-07-11,81.0,62.0
2003-07-12,83.0,66.0
2003-07-13,81.0,61.0
2003-07-14,68.0,57.0
2003-07-15,78.0,60.1
2003-07-16,80.1,63.0
2003-07-17,80.1,61.0
2003-07-18,87.0,63.0
2003-07-19,85.0,61.0
2003-07-20,78.0,60.1
2003-07-21,85.0,63.0
2003-07-22,85.0,70.1
2003-07-23,79.0,64.0
2003-07-24,78.0,63.0
2003-07-25,73.0,55.0
2003-07-26,76.0,59.0
2003-07-27,75.0,60.1
2003-07-28,67.0,53.0
2003-07-29,65.0,48.0
2003-07-30,71.0,53.0
2003-07-31,76.0,56.0
2003-08-01,82.0,59.0
2003-08-02,88.0,62.0
2003-08-03,87.0,70.1
2003-08-04,84.0,68.0
2003-08-05,79.0,60.1
2003-08-06,74.0,56.0
2003-08-07,73.0,61.0
2003-08-08,74.0,58.0
2003-08-09,77.0,60.1
2003-08-10,81.0,62.0
2003-08-11,85.0,65.0
2003-08-12,83.0,67.0
2003-08-13,80.1,62.0
2003-08-14,79.0,57.0
2003-08-15,84.0,65.0
2003-08-16,87.0,65.0
2003-08-17,91.0,70.1
2003-08-18,89.0,69.0
2003-08-19,75.0,58.0
2003-08-20,80.1,61.0
2003-08-21,82.0,63.0
2003-08-22,81.0,65.0
2003-08-23,86.0,66.0
2003-08-24,84.0,67.0
2003-08-25,82.0,70.1
2003-08-26,80.1,68.0
2003-08-27,80.1,64.0
2003-08-28,78.0,60.1
2003-08-29,77.0,57.0
2003-08-30,82.0,59.0
2003-08-31,82.0,63.0
2003-09-01,83.0,62.0
2003-09-02,80.1,63.0
2003-09-03,83.0,62.0
2003-09-04,80.1,61.0
2003-09-05,85.0,60.1
2003-09-06,85.0,62.0
2003-09-07,90.1,65.0
2003-09-08,92.0,70.1
2003-09-09,93.0,71.0
2003-09-10,92.0,69.0
2003-09-11,87.0,66.0
2003-09-12,89.0,67.0
2003-09-13,85.0,61.0
2003-09-14,70.1,53.0
2003-09-15,60.1,49.0
2003-09-16,64.0,50.1
2003-09-17,67.0,49.0
2003-09-18,67.0,54.0
2003-09-19,74.0,49.0
2003-09-20,75.0,53.0
2003-09-21,82.0,57.0
2003-09-22,76.0,60.1
2003-09-23,67.0,52.0
2003-09-24,53.0,40.1
2003-09-25,58.0,39.0
2003-09-26,60.1,42.0
2003-09-27,57.0,42.0
2003-09-28,44.0,31.0
2003-09-29,52.0,35.0
2003-09-30,53.0,38.0
2003-10-01,54.0,41.0
2003-10-02,56.0,40.1
2003-10-03,58.0,41.0
2003-10-04,61.0,44.0
2003-10-05,61.0,46.0
2003-10-06,64.0,47.0
2003-10-07,59.0,51.0
2003-10-08,55.0,48.0
2003-10-09,53.0,38.0
2003-10-10,51.0,38.0
2003-10-11,48.0,31.0
2003-10-12,47.0,29.0
2003-10-13,50.1,38.0
2003-10-14,52.0,35.0
2003-10-15,54.0,36.0
2003-10-16,54.0,36.0
2003-10-17,52.0,40.1
2003-10-18,61.0,40.1
2003-10-19,63.0,45.0
2003-10-20,63.0,41.0
2003-10-21,63.0,43.0
2003-10-22,61.0,44.0
2003-10-23,56.0,42.0
2003-10-24,53.0,39.0
2003-10-25,66.0,42.0
2003-10-26,66.0,44.0
2003-10-27,65.0,45.0
2003-10-28,73.0,49.0
2003-10-29,79.0,51.0
2003-10-30,78.0,53.0
2003-10-31,69.0,45.0
2003-11-01,45.0,28.0
2003-11-02,44.0,31.0
2003-11-03,48.0,33.0
2003-11-04,44.0,35.0
2003-11-05,39.0,27.0
2003-11-06,29.0,19.0
2003-11-07,28.0,20.1
2003-11-08,30.1,20.1
2003-11-09,30.1,19.0
2003-11-10,41.0,22.0
2003-11-11,45.0,26.0
2003-11-12,47.0,26.0
2003-11-13,41.0,25.0
2003-11-14,32.0,19.0
2003-11-15,30.1,19.0
2003-11-16,35.0,20.1
2003-11-17,31.0,27.0
2003-11-18,28.0,24.0
2003-11-19,25.0,20.1
2003-11-20,22.0,10.1
2003-11-21,25.0,11.0
2003-11-22,38.0,12.0
2003-11-23,31.0,15.0
2003-11-24,36.0,18.0
2003-11-25,43.0,25.0
2003-11-26,41.0,19.0
2003-11-27,29.0,11.0
2003-11-28,18.0,3.0
2003-11-29,22.0,7.0
2003-11-30,22.0,10.1
2003-12-01,16.0,8.0
2003-12-02,15.0,6.0
2003-12-03,27.0,7.0
2003-12-04,30.1,18.0
2003-12-05,24.0,10.1
2003-12-06,20.1,7.0
2003-12-07,19.0,6.0
2003-12-08,15.0,6.0
2003-12-09,23.0,7.0
2003-12-10,22.0,13.0
2003-12-11,29.0,7.0
2003-12-12,24.0,7.0
2003-12-13,25.0,19.0
2003-12-14,19.0,16.0
2003-12-15,23.0,9.0
2003-12-16,11.0,3.0
2003-12-17,23.0,4.0
2003-12-18,13.0,-5.0
2003-12-19,14.0,-1.0
2003-12-20,12.0,2.0
2003-12-21,16.0,4.0
2003-12-22,24.0,1.0
2003-12-23,27.0,10.1
2003-12-24,23.0,15.0
2003-12-25,16.0,6.0
2003-12-26,21.0,3.0
2003-12-27,23.0,13.0
2003-12-28,20.1,5.0
2003-12-29,22.0,1.0
2003-12-30,29.0,8.0
2003-12-31,31.0,19.0
2004-01-01,23.0,9.0
2004-01-02,14.0,4.0
2004-01-03,12.0,6.0
2004-01-04,9.0,3.0
2004-01-05,6.0,-2.0
2004-01-06,8.0,-4.0
2004-01-07,20.1,0.1
2004-01-08,15.0,0.1
2004-01-09,28.0,2.0
2004-01-10,20.1,9.0
2004-01-11,21.0,6.0
2004-01-12,22.0,7.0
2004-01-13,24.0,17.0
2004-01-14,21.0,14.0
2004-01-15,15.0,3.0
2004-01-16,10.1,-2.0
2004-01-17,13.0,2.0
2004-01-18,10.1,1.0
2004-01-19,14.0,8.0
2004-01-20,10.1,-1.0
2004-01-21,18.0,4.0
2004-01-22,12.0,1.0
2004-01-23,14.0,1.0
2004-01-24,16.0,1.0
2004-01-25,21.0,8.0
2004-01-26,23.0,7.0
2004-01-27,26.0,7.0
2004-01-28,27.0,6.0
2004-01-29,17.0,10.1
2004-01-30,17.0,1.0
2004-01-31,4.0,-6.0
2004-02-01,6.0,-3.0
2004-02-02,10.1,-6.0
2004-02-03,12.0,-2.0
2004-02-04,1.0,-5.0
2004-02-05,11.0,-5.0
2004-02-06,21.0,0.1
2004-02-07,27.0,7.0
2004-02-08,23.0,4.0
2004-02-09,24.0,10.1
2004-02-10,30.1,17.0
2004-02-11,43.0,12.0
2004-02-12,37.0,13.0
2004-02-13,35.0,17.0
2004-02-14,40.1,23.0
2004-02-15,40.1,16.0
2004-02-16,47.0,13.0
2004-02-17,44.0,12.0
2004-02-18,35.0,26.0
2004-02-19,35.0,20.1
2004-02-20,35.0,18.0
2004-02-21,28.0,18.0
2004-02-22,39.0,17.0
2004-02-23,31.0,20.1
2004-02-24,27.0,15.0
2004-02-25,25.0,15.0
2004-02-26,30.1,15.0
2004-02-27,36.0,26.0
2004-02-28,33.0,23.0
2004-02-29,34.0,23.0
2004-03-01,29.0,22.0
2004-03-02,38.0,22.0
2004-03-03,29.0,17.0
2004-03-04,32.0,18.0
2004-03-05,33.0,21.0
2004-03-06,44.0,28.0
2004-03-07,55.0,29.0
2004-03-08,57.0,27.0
2004-03-09,44.0,27.0
2004-03-10,33.0,25.0
2004-03-11,35.0,25.0
2004-03-12,39.0,25.0
2004-03-13,37.0,28.0
2004-03-14,37.0,30.1
2004-03-15,35.0,29.0
2004-03-16,34.0,27.0
2004-03-17,31.0,25.0
2004-03-18,38.0,26.0
2004-03-19,35.0,31.0
2004-03-20,37.0,30.1
2004-03-21,38.0,30.1
2004-03-22,41.0,31.0
2004-03-23,45.0,32.0
2004-03-24,54.0,33.0
2004-03-25,57.0,34.0
2004-03-26,41.0,29.0
2004-03-27,33.0,24.0
2004-03-28,38.0,25.0
2004-03-29,39.0,26.0
2004-03-30,50.1,32.0
2004-03-31,60.1,38.0
2004-04-01,58.0,38.0
2004-04-02,72.0,42.0
2004-04-03,71.0,53.0
2004-04-04,66.0,49.0
2004-04-05,61.0,45.0
2004-04-06,69.0,44.0
2004-04-07,67.0,58.0
2004-04-08,62.0,46.0
2004-04-09,51.0,42.0
2004-04-10,54.0,40.1
2004-04-11,55.0,41.0
2004-04-12,56.0,39.0
2004-04-13,66.0,40.1
2004-04-14,70.1,46.0
2004-04-15,75.0,50.1
2004-04-16,82.0,54.0
2004-04-17,79.0,63.0
2004-04-18,81.0,57.0
2004-04-19,79.0,60.1
2004-04-20,64.0,45.0
2004-04-21,61.0,42.0
2004-04-22,71.0,47.0
2004-04-23,67.0,52.0
2004-04-24,68.0,51.0
2004-04-25,85.0,54.0
2004-04-26,79.0,60.1
2004-04-27,69.0,47.0
2004-04-28,49.0,40.1
2004-04-29,54.0,38.0
2004-04-30,54.0,43.0
2004-05-01,56.0,42.0
2004-05-02,63.0,40.1
2004-05-03,71.0,44.0
2004-05-04,76.0,49.0
2004-05-05,78.0,55.0
2004-05-06,81.0,57.0
2004-05-07,77.0,61.0
2004-05-08,71.0,49.0
2004-05-09,64.0,46.0
2004-05-10,62.0,53.0
2004-05-11,58.0,47.0
2004-05-12,62.0,49.0
2004-05-13,70.1,50.1
2004-05-14,74.0,53.0
2004-05-15,79.0,53.0
2004-05-16,84.0,69.0
2004-05-17,89.0,61.0
2004-05-18,92.0,76.0
2004-05-19,90.1,67.0
2004-05-20,90.1,73.0
2004-05-21,85.0,65.0
2004-05-22,67.0,51.0
2004-05-23,76.0,56.0
2004-05-24,74.0,60.1
2004-05-25,70.1,59.0
2004-05-26,68.0,51.0
2004-05-27,71.0,54.0
2004-05-28,76.0,57.0
2004-05-29,77.0,62.0
2004-05-30,87.0,71.0
2004-05-31,85.0,65.0
2004-06-01,75.0,60.1
2004-06-02,73.0,54.0
2004-06-03,74.0,53.0
2004-06-04,81.0,59.0
2004-06-05,85.0,70.1
2004-06-06,92.0,75.0
2004-06-07,89.0,66.0
2004-06-08,74.0,60.1
2004-06-09,74.0,60.1
2004-06-10,73.0,58.0
2004-06-11,75.0,58.0
2004-06-12,83.0,61.0
2004-06-13,84.0,65.0
2004-06-14,90.1,64.0
2004-06-15,88.0,67.0
2004-06-16,78.0,60.1
2004-06-17,84.0,63.0
2004-06-18,90.1,67.0
2004-06-19,94.0,69.0
2004-06-20,92.0,74.0
2004-06-21,90.1,74.0
2004-06-22,92.0,71.0
2004-06-23,94.0,73.0
2004-06-24,86.0,61.0
2004-06-25,75.0,60.1
2004-06-26,83.0,62.0
2004-06-27,78.0,58.0
2004-06-28,81.0,62.0
2004-06-29,88.0,62.0
2004-06-30,94.0,68.0
2004-07-01,90.1,72.0
2004-07-02,87.0,68.0
2004-07-03,87.0,70.1
2004-07-04,96.0,73.0
2004-07-05,92.0,63.0
2004-07-06,78.0,58.0
2004-07-07,76.0,58.0
2004-07-08,88.0,61.0
2004-07-09,85.0,67.0
2004-07-10,89.0,67.0
2004-07-11,94.0,68.0
2004-07-12,100.1,71.0
2004-07-13,103.0,74.0
2004-07-14,105.0,78.0
2004-07-15,99.0,77.0
2004-07-16,96.0,78.0
2004-07-17,92.0,78.0
2004-07-18,87.0,71.0
2004-07-19,71.0,60.1
2004-07-20,72.0,57.0
2004-07-21,74.0,61.0
2004-07-22,76.0,62.0
2004-07-23,86.0,63.0
2004-07-24,84.0,68.0
2004-07-25,82.0,65.0
2004-07-26,77.0,65.0
2004-07-27,84.0,63.0
2004-07-28,91.0,64.0
2004-07-29,94.0,69.0
2004-07-30,87.0,74.0
2004-07-31,80.1,62.0
2004-08-01,89.0,66.0
2004-08-02,91.0,70.1
2004-08-03,88.0,69.0
2004-08-04,79.0,62.0
2004-08-05,88.0,65.0
2004-08-06,89.0,68.0
2004-08-07,85.0,66.0
2004-08-08,69.0,54.0
2004-08-09,74.0,56.0
2004-08-10,76.0,61.0
2004-08-11,81.0,60.1
2004-08-12,78.0,65.0
2004-08-13,83.0,63.0
2004-08-14,89.0,64.0
2004-08-15,92.0,68.0
2004-08-16,88.0,71.0
2004-08-17,88.0,69.0
2004-08-18,91.0,70.1
2004-08-19,90.1,73.0
2004-08-20,85.0,64.0
2004-08-21,77.0,61.0
2004-08-22,87.0,63.0
2004-08-23,82.0,53.0
2004-08-24,70.1,52.0
2004-08-25,71.0,51.0
2004-08-26,74.0,55.0
2004-08-27,78.0,55.0
2004-08-28,76.0,60.1
2004-08-29,85.0,61.0
2004-08-30,88.0,63.0
2004-08-31,84.0,65.0
2004-09-01,73.0,59.0
2004-09-02,76.0,56.0
2004-09-03,74.0,59.0
2004-09-04,77.0,57.0
2004-09-05,82.0,59.0
2004-09-06,86.0,60.1
2004-09-07,89.0,62.0
2004-09-08,83.0,54.0
2004-09-09,75.0,54.0
2004-09-10,70.1,56.0
2004-09-11,72.0,53.0
2004-09-12,82.0,56.0
2004-09-13,85.0,61.0
2004-09-14,76.0,52.0
2004-09-15,66.0,51.0
2004-09-16,69.0,48.0
2004-09-17,70.1,54.0
2004-09-18,73.0,57.0
2004-09-19,78.0,53.0
2004-09-20,81.0,57.0
2004-09-21,74.0,57.0
2004-09-22,67.0,52.0
2004-09-23,64.0,52.0
2004-09-24,66.0,49.0
2004-09-25,69.0,48.0
2004-09-26,67.0,51.0
2004-09-27,69.0,50.1
2004-09-28,58.0,37.0
2004-09-29,47.0,33.0
2004-09-30,54.0,33.0
2004-10-01,58.0,37.0
2004-10-02,61.0,42.0
2004-10-03,59.0,47.0
2004-10-04,71.0,47.0
2004-10-05,76.0,50.1
2004-10-06,80.1,52.0
2004-10-07,72.0,51.0
2004-10-08,57.0,39.0
2004-10-09,54.0,37.0
2004-10-10,58.0,40.1
2004-10-11,57.0,40.1
2004-10-12,59.0,40.1
2004-10-13,60.1,43.0
2004-10-14,64.0,44.0
2004-10-15,71.0,47.0
2004-10-16,62.0,36.0
2004-10-17,47.0,33.0
2004-10-18,48.0,35.0
2004-10-19,43.0,32.0
2004-10-20,42.0,28.0
2004-10-21,43.0,26.0
2004-10-22,53.0,31.0
2004-10-23,52.0,35.0
2004-10-24,53.0,36.0
2004-10-25,52.0,38.0
2004-10-26,51.0,36.0
2004-10-27,51.0,37.0
2004-10-28,45.0,38.0
2004-10-29,42.0,32.0
2004-10-30,49.0,31.0
2004-10-31,49.0,33.0
2004-11-01,57.0,35.0
2004-11-02,47.0,33.0
2004-11-03,39.0,31.0
2004-11-04,35.0,30.1
2004-11-05,53.0,30.1
2004-11-06,41.0,35.0
2004-11-07,43.0,32.0
2004-11-08,39.0,26.0
2004-11-09,33.0,20.1
2004-11-10,24.0,19.0
2004-11-11,27.0,19.0
2004-11-12,30.1,19.0
2004-11-13,37.0,25.0
2004-11-14,33.0,25.0
2004-11-15,33.0,22.0
2004-11-16,35.0,22.0
2004-11-17,36.0,24.0
2004-11-18,36.0,25.0
2004-11-19,38.0,26.0
2004-11-20,39.0,27.0
2004-11-21,35.0,28.0
2004-11-22,30.1,22.0
2004-11-23,33.0,24.0
2004-11-24,38.0,21.0
2004-11-25,38.0,16.0
2004-11-26,22.0,16.0
2004-11-27,46.0,18.0
2004-11-28,29.0,17.0
2004-11-29,44.0,17.0
2004-11-30,32.0,25.0
2004-12-01,38.0,30.1
2004-12-02,40.1,27.0
2004-12-03,29.0,22.0
2004-12-04,32.0,21.0
2004-12-05,32.0,17.0
2004-12-06,27.0,16.0
2004-12-07,25.0,15.0
2004-12-08,33.0,22.0
2004-12-09,29.0,16.0
2004-12-10,39.0,17.0
2004-12-11,29.0,11.0
2004-12-12,30.1,16.0
2004-12-13,39.0,22.0
2004-12-14,28.0,19.0
2004-12-15,30.1,24.0
2004-12-16,29.0,25.0
2004-12-17,26.0,22.0
2004-12-18,28.0,19.0
2004-12-19,26.0,22.0
2004-12-20,26.0,22.0
2004-12-21,26.0,16.0
2004-12-22,17.0,12.0
2004-12-23,13.0,8.0
2004-12-24,10.1,1.0
2004-12-25,6.0,-5.0
2004-12-26,5.0,-7.0
2004-12-27,5.0,-5.0
2004-12-28,10.1,-3.0
2004-12-29,11.0,-8.0
2004-12-30,-3.0,-12.0
2004-12-31,7.0,-10.1
2005-01-01,9.0,-10.1
2005-01-02,22.0,-1.0
2005-01-03,21.0,4.0
2005-01-04,16.0,3.0
2005-01-05,13.0,6.0
2005-01-06,9.0,4.0
2005-01-07,9.0,2.0
2005-01-08,14.0,2.0
2005-01-09,20.1,7.0
2005-01-10,20.1,9.0
2005-01-11,24.0,11.0
2005-01-12,12.0,5.0
2005-01-13,15.0,4.0
2005-01-14,24.0,8.0
2005-01-15,20.1,9.0
2005-01-16,18.0,7.0
2005-01-17,12.0,4.0
2005-01-18,16.0,4.0
2005-01-19,20.1,7.0
2005-01-20,21.0,2.0
2005-01-21,25.0,-2.0
2005-01-22,22.0,8.0
2005-01-23,9.0,1.0
2005-01-24,4.0,-3.0
2005-01-25,1.0,-6.0
2005-01-26,3.0,-8.0
2005-01-27,-4.0,-11.0
2005-01-28,-4.0,-15.0
2005-01-29,-4.0,-14.0
2005-01-30,-5.0,-14.0
2005-01-31,-3.0,-16.0
2005-02-01,-7.0,-14.0
2005-02-02,3.0,-13.0
2005-02-03,-3.0,-12.0
2005-02-04,2.0,-10.1
2005-02-05,4.0,-6.0
2005-02-06,-5.0,-15.0
2005-02-07,3.0,-11.0
2005-02-08,0.1,-9.0
2005-02-09,8.0,-7.0
2005-02-10,12.0,-6.0
2005-02-11,6.0,-4.0
2005-02-12,26.0,0.1
2005-02-13,18.0,8.0
2005-02-14,18.0,13.0
2005-02-15,13.0,5.0
2005-02-16,11.0,1.0
2005-02-17,2.0,-5.0
2005-02-18,0.1,-8.0
2005-02-19,14.0,-8.0
2005-02-20,12.0,-5.0
2005-02-21,21.0,3.0
2005-02-22,30.1,0.1
2005-02-23,28.0,10.1
2005-02-24,31.0,16.0
2005-02-25,25.0,20.1
2005-02-26,27.0,21.0
2005-02-27,23.0,17.0
2005-02-28,31.0,17.0
2005-03-01,36.0,23.0
2005-03-02,29.0,18.0
2005-03-03,40.1,15.0
2005-03-04,47.0,15.0
2005-03-05,37.0,24.0
2005-03-06,35.0,25.0
2005-03-07,40.1,24.0
2005-03-08,57.0,25.0
2005-03-09,46.0,29.0
2005-03-10,32.0,26.0
2005-03-11,34.0,26.0
2005-03-12,31.0,26.0
2005-03-13,31.0,27.0
2005-03-14,33.0,28.0
2005-03-15,41.0,29.0
2005-03-16,35.0,25.0
2005-03-17,42.0,27.0
2005-03-18,44.0,31.0
2005-03-19,40.1,32.0
2005-03-20,41.0,32.0
2005-03-21,46.0,32.0
2005-03-22,50.1,34.0
2005-03-23,55.0,34.0
2005-03-24,55.0,36.0
2005-03-25,59.0,37.0
2005-03-26,61.0,41.0
2005-03-27,58.0,40.1
2005-03-28,54.0,42.0
2005-03-29,50.1,39.0
2005-03-30,54.0,41.0
2005-03-31,62.0,40.1
2005-04-01,69.0,44.0
2005-04-02,71.0,51.0
2005-04-03,79.0,52.0
2005-04-04,74.0,33.0
2005-04-05,46.0,32.0
2005-04-06,43.0,31.0
2005-04-07,31.0,20.1
2005-04-08,38.0,17.0
2005-04-09,44.0,28.0
2005-04-10,44.0,34.0
2005-04-11,55.0,34.0
2005-04-12,61.0,39.0
2005-04-13,67.0,40.1
2005-04-14,71.0,45.0
2005-04-15,67.0,37.0
2005-04-16,61.0,40.1
2005-04-17,60.1,46.0
2005-04-18,63.0,37.0
2005-04-19,68.0,45.0
2005-04-20,71.0,48.0
2005-04-21,70.1,54.0
2005-04-22,74.0,54.0
2005-04-23,78.0,56.0
2005-04-24,80.1,57.0
2005-04-25,75.0,52.0
2005-04-26,74.0,52.0
2005-04-27,80.1,57.0
2005-04-28,82.0,59.0
2005-04-29,80.1,52.0
2005-04-30,75.0,52.0
2005-05-01,80.1,54.0
2005-05-02,77.0,60.1
2005-05-03,74.0,51.0
2005-05-04,69.0,41.0
2005-05-05,78.0,49.0
2005-05-06,79.0,55.0
2005-05-07,85.0,58.0
2005-05-08,81.0,66.0
2005-05-09,83.0,63.0
2005-05-10,81.0,63.0
2005-05-11,74.0,58.0
2005-05-12,72.0,58.0
2005-05-13,70.1,51.0
2005-05-14,59.0,47.0
2005-05-15,65.0,50.1
2005-05-16,70.1,51.0
2005-05-17,66.0,42.0
2005-05-18,67.0,51.0
2005-05-19,76.0,52.0
2005-05-20,72.0,60.1
2005-05-21,77.0,56.0
2005-05-22,81.0,60.1
2005-05-23,78.0,63.0
2005-05-24,79.0,59.0
2005-05-25,75.0,55.0
2005-05-26,78.0,57.0
2005-05-27,70.1,47.0
2005-05-28,67.0,47.0
2005-05-29,72.0,52.0
2005-05-30,83.0,55.0
2005-05-31,85.0,62.0
2005-06-01,88.0,66.0
2005-06-02,85.0,59.0
2005-06-03,62.0,47.0
2005-06-04,71.0,47.0
2005-06-05,80.1,53.0
2005-06-06,85.0,60.1
2005-06-07,82.0,70.1
2005-06-08,84.0,68.0
2005-06-09,88.0,65.0
2005-06-10,88.0,67.0
2005-06-11,90.1,70.1
2005-06-12,88.0,70.1
2005-06-13,85.0,68.0
2005-06-14,77.0,68.0
2005-06-15,87.0,69.0
2005-06-16,93.0,72.0
2005-06-17,92.0,72.0
2005-06-18,94.0,70.1
2005-06-19,98.0,73.0
2005-06-20,92.0,65.0
2005-06-21,80.1,60.1
2005-06-22,84.0,67.0
2005-06-23,84.0,66.0
2005-06-24,93.0,67.0
2005-06-25,89.0,62.0
2005-06-26,77.0,56.0
2005-06-27,76.0,55.0
2005-06-28,78.0,60.1
2005-06-29,76.0,62.0
2005-06-30,80.1,62.0
2005-07-01,87.0,63.0
2005-07-02,90.1,67.0
2005-07-03,89.0,71.0
2005-07-04,85.0,70.1
2005-07-05,89.0,70.1
2005-07-06,91.0,71.0
2005-07-07,92.0,72.0
2005-07-08,88.0,77.0
2005-07-09,92.0,74.0
2005-07-10,98.0,73.0
2005-07-11,95.0,77.0
2005-07-12,94.0,74.0
2005-07-13,97.0,76.0
2005-07-14,94.0,77.0
2005-07-15,82.0,64.0
2005-07-16,80.1,57.0
2005-07-17,79.0,58.0
2005-07-18,76.0,62.0
2005-07-19,84.0,60.1
2005-07-20,86.0,67.0
2005-07-21,81.0,65.0
2005-07-22,92.0,64.0
2005-07-23,90.1,73.0
2005-07-24,90.1,74.0
2005-07-25,90.1,76.0
2005-07-26,87.0,72.0
2005-07-27,84.0,68.0
2005-07-28,84.0,71.0
2005-07-29,89.0,70.1
2005-07-30,90.1,69.0
2005-07-31,86.0,74.0
2005-08-01,94.0,69.0
2005-08-02,98.0,72.0
2005-08-03,93.0,79.0
2005-08-04,85.0,74.0
2005-08-05,80.1,61.0
2005-08-06,71.0,63.0
2005-08-07,80.1,62.0
2005-08-08,86.0,66.0
2005-08-09,84.0,70.1
2005-08-10,81.0,61.0
2005-08-11,88.0,66.0
2005-08-12,84.0,60.1
2005-08-13,64.0,52.0
2005-08-14,74.0,55.0
2005-08-15,80.1,59.0
2005-08-16,83.0,61.0
2005-08-17,83.0,64.0
2005-08-18,76.0,64.0
2005-08-19,83.0,64.0
2005-08-20,84.0,65.0
2005-08-21,88.0,63.0
2005-08-22,94.0,72.0
2005-08-23,89.0,62.0
2005-08-24,81.0,61.0
2005-08-25,80.1,64.0
2005-08-26,79.0,61.0
2005-08-27,83.0,65.0
2005-08-28,73.0,51.0
2005-08-29,65.0,50.1
2005-08-30,75.0,53.0
2005-08-31,75.0,58.0
2005-09-01,84.0,58.0
2005-09-02,80.1,63.0
2005-09-03,84.0,62.0
2005-09-04,84.0,64.0
2005-09-05,87.0,65.0
2005-09-06,91.0,66.0
2005-09-07,98.0,69.0
2005-09-08,86.0,61.0
2005-09-09,71.0,54.0
2005-09-10,72.0,54.0
2005-09-11,70.1,55.0
2005-09-12,77.0,52.0
2005-09-13,80.1,63.0
2005-09-14,81.0,60.1
2005-09-15,75.0,57.0
2005-09-16,77.0,54.0
2005-09-17,78.0,60.1
2005-09-18,82.0,58.0
2005-09-19,75.0,60.1
2005-09-20,75.0,60.1
2005-09-21,76.0,57.0
2005-09-22,79.0,58.0
2005-09-23,73.0,56.0
2005-09-24,69.0,53.0
2005-09-25,72.0,53.0
2005-09-26,73.0,58.0
2005-09-27,67.0,45.0
2005-09-28,63.0,52.0
2005-09-29,64.0,48.0
2005-09-30,64.0,51.0
2005-10-01,67.0,47.0
2005-10-02,71.0,47.0
2005-10-03,68.0,49.0
2005-10-04,69.0,52.0
2005-10-05,68.0,52.0
2005-10-06,74.0,50.1
2005-10-07,72.0,56.0
2005-10-08,74.0,53.0
2005-10-09,68.0,52.0
2005-10-10,63.0,36.0
2005-10-11,39.0,34.0
2005-10-12,44.0,29.0
2005-10-13,46.0,30.1
2005-10-14,50.1,30.1
2005-10-15,53.0,36.0
2005-10-16,57.0,36.0
2005-10-17,57.0,39.0
2005-10-18,59.0,47.0
2005-10-19,61.0,43.0
2005-10-20,61.0,47.0
2005-10-21,62.0,47.0
2005-10-22,65.0,54.0
2005-10-23,64.0,47.0
2005-10-24,54.0,41.0
2005-10-25,45.0,32.0
2005-10-26,49.0,34.0
2005-10-27,52.0,37.0
2005-10-28,50.1,37.0
2005-10-29,50.1,34.0
2005-10-30,66.0,38.0
2005-10-31,57.0,40.1
2005-11-01,52.0,40.1
2005-11-02,51.0,35.0
2005-11-03,52.0,36.0
2005-11-04,45.0,30.1
2005-11-05,40.1,28.0
2005-11-06,44.0,31.0
2005-11-07,41.0,30.1
2005-11-08,55.0,29.0
2005-11-09,49.0,34.0
2005-11-10,42.0,32.0
2005-11-11,41.0,33.0
2005-11-12,47.0,37.0
2005-11-13,46.0,36.0
2005-11-14,42.0,32.0
2005-11-15,38.0,30.1
2005-11-16,36.0,31.0
2005-11-17,39.0,28.0
2005-11-18,35.0,30.1
2005-11-19,33.0,23.0
2005-11-20,30.1,20.1
2005-11-21,22.0,18.0
2005-11-22,20.1,15.0
2005-11-23,19.0,12.0
2005-11-24,24.0,9.0
2005-11-25,31.0,13.0
2005-11-26,36.0,29.0
2005-11-27,38.0,28.0
2005-11-28,32.0,18.0
2005-11-29,27.0,22.0
2005-11-30,29.0,23.0
2005-12-01,26.0,23.0
2005-12-02,23.0,16.0
2005-12-03,18.0,11.0
2005-12-04,15.0,6.0
2005-12-05,17.0,11.0
2005-12-06,17.0,8.0
2005-12-07,21.0,9.0
2005-12-08,20.1,14.0
2005-12-09,22.0,10.1
2005-12-10,16.0,7.0
2005-12-11,11.0,5.0
2005-12-12,7.0,0.1
2005-12-13,8.0,-5.0
2005-12-14,7.0,-6.0
2005-12-15,14.0,-2.0
2005-12-16,11.0,2.0
2005-12-17,22.0,3.0
2005-12-18,22.0,6.0
2005-12-19,24.0,5.0
2005-12-20,18.0,1.0
2005-12-21,15.0,1.0
2005-12-22,21.0,6.0
2005-12-23,22.0,9.0
2005-12-24,19.0,8.0
2005-12-25,24.0,4.0
2005-12-26,31.0,10.1
2005-12-27,21.0,6.0
2005-12-28,29.0,10.1
2005-12-29,29.0,19.0
2005-12-30,28.0,21.0
2005-12-31,31.0,18.0
2006-01-01,19.0,9.0
2006-01-02,11.0,4.0
2006-01-03,4.0,-5.0
2006-01-04,-2.0,-9.0
2006-01-05,-1.0,-15.0
2006-01-06,-2.0,-16.0
2006-01-07,4.0,-9.0
2006-01-08,8.0,-15.0
2006-01-09,11.0,-6.0
2006-01-10,20.1,-3.0
2006-01-11,14.0,7.0
2006-01-12,19.0,5.0
2006-01-13,21.0,2.0
2006-01-14,24.0,4.0
2006-01-15,15.0,-1.0
2006-01-16,23.0,2.0
2006-01-17,18.0,0.1
2006-01-18,21.0,6.0
2006-01-19,20.1,4.0
2006-01-20,29.0,6.0
2006-01-21,19.0,9.0
2006-01-22,15.0,7.0
2006-01-23,22.0,2.0
2006-01-24,15.0,2.0
2006-01-25,23.0,6.0
2006-01-26,25.0,-1.0
2006-01-27,18.0,6.0
2006-01-28,10.1,4.0
2006-01-29,8.0,-1.0
2006-01-30,15.0,1.0
2006-01-31,11.0,-2.0
2006-02-01,25.0,5.0
2006-02-02,22.0,13.0
2006-02-03,40.1,7.0
2006-02-04,28.0,18.0
2006-02-05,24.0,16.0
2006-02-06,24.0,17.0
2006-02-07,36.0,21.0
2006-02-08,38.0,26.0
2006-02-09,31.0,22.0
2006-02-10,29.0,18.0
2006-02-11,34.0,17.0
2006-02-12,35.0,27.0
2006-02-13,27.0,20.1
2006-02-14,22.0,16.0
2006-02-15,22.0,9.0
2006-02-16,16.0,4.0
2006-02-17,22.0,2.0
2006-02-18,25.0,6.0
2006-02-19,40.1,13.0
2006-02-20,30.1,21.0
2006-02-21,25.0,14.0
2006-02-22,32.0,11.0
2006-02-23,24.0,11.0
2006-02-24,30.1,14.0
2006-02-25,26.0,14.0
2006-02-26,26.0,19.0
2006-02-27,22.0,9.0
2006-02-28,24.0,10.1
2006-03-01,27.0,13.0
2006-03-02,36.0,13.0
2006-03-03,42.0,25.0
2006-03-04,32.0,22.0
2006-03-05,35.0,23.0
2006-03-06,53.0,29.0
2006-03-07,40.1,32.0
2006-03-08,41.0,30.1
2006-03-09,46.0,32.0
2006-03-10,39.0,25.0
2006-03-11,34.0,27.0
2006-03-12,32.0,20.1
2006-03-13,35.0,21.0
2006-03-14,37.0,22.0
2006-03-15,42.0,27.0
2006-03-16,35.0,26.0
2006-03-17,28.0,19.0
2006-03-18,32.0,20.1
2006-03-19,46.0,25.0
2006-03-20,46.0,31.0
2006-03-21,46.0,30.1
2006-03-22,47.0,32.0
2006-03-23,43.0,33.0
2006-03-24,46.0,34.0
2006-03-25,48.0,31.0
2006-03-26,53.0,33.0
2006-03-27,63.0,37.0
2006-03-28,64.0,41.0
2006-03-29,59.0,47.0
2006-03-30,53.0,31.0
2006-03-31,53.0,28.0
2006-04-01,54.0,37.0
2006-04-02,49.0,40.1
2006-04-03,53.0,42.0
2006-04-04,57.0,42.0
2006-04-05,60.1,44.0
2006-04-06,64.0,44.0
2006-04-07,64.0,45.0
2006-04-08,76.0,48.0
2006-04-09,69.0,31.0
2006-04-10,34.0,22.0
2006-04-11,42.0,25.0
2006-04-12,47.0,28.0
2006-04-13,55.0,34.0
2006-04-14,62.0,38.0
2006-04-15,66.0,43.0
2006-04-16,69.0,47.0
2006-04-17,67.0,52.0
2006-04-18,79.0,49.0
2006-04-19,79.0,54.0
2006-04-20,76.0,50.1
2006-04-21,79.0,51.0
2006-04-22,69.0,52.0
2006-04-23,60.1,50.1
2006-04-24,64.0,45.0
2006-04-25,65.0,49.0
2006-04-26,70.1,47.0
2006-04-27,79.0,52.0
2006-04-28,88.0,56.0
2006-04-29,89.0,62.0
2006-04-30,75.0,54.0
2006-05-01,71.0,55.0
2006-05-02,70.1,51.0
2006-05-03,61.0,47.0
2006-05-04,59.0,46.0
2006-05-05,60.1,43.0
2006-05-06,59.0,44.0
2006-05-07,50.1,35.0
2006-05-08,49.0,37.0
2006-05-09,58.0,36.0
2006-05-10,54.0,41.0
2006-05-11,58.0,40.1
2006-05-12,70.1,47.0
2006-05-13,78.0,61.0
2006-05-14,81.0,62.0
2006-05-15,82.0,61.0
2006-05-16,86.0,61.0
2006-05-17,89.0,66.0
2006-05-18,87.0,51.0
2006-05-19,68.0,52.0
2006-05-20,81.0,53.0
2006-05-21,82.0,72.0
2006-05-22,80.1,55.0
2006-05-23,78.0,51.0
2006-05-24,73.0,59.0
2006-05-25,83.0,55.0
2006-05-26,80.1,61.0
2006-05-27,84.0,62.0
2006-05-28,84.0,66.0
2006-05-29,83.0,61.0
2006-05-30,84.0,63.0
2006-05-31,84.0,68.0
2006-06-01,83.0,62.0
2006-06-02,80.1,65.0
2006-06-03,81.0,61.0
2006-06-04,77.0,52.0
2006-06-05,74.0,57.0
2006-06-06,81.0,59.0
2006-06-07,81.0,66.0
2006-06-08,86.0,65.0
2006-06-09,88.0,69.0
2006-06-10,85.0,72.0
2006-06-11,85.0,71.0
2006-06-12,85.0,69.0
2006-06-13,89.0,69.0
2006-06-14,96.0,69.0
2006-06-15,86.0,57.0
2006-06-16,66.0,51.0
2006-06-17,74.0,58.0
2006-06-18,81.0,60.1
2006-06-19,83.0,65.0
2006-06-20,85.0,63.0
2006-06-21,84.0,65.0
2006-06-22,90.1,67.0
2006-06-23,92.0,72.0
2006-06-24,89.0,71.0
2006-06-25,87.0,68.0
2006-06-26,85.0,65.0
2006-06-27,91.0,69.0
2006-06-28,88.0,72.0
2006-06-29,89.0,68.0
2006-06-30,87.0,67.0
2006-07-01,94.0,71.0
2006-07-02,91.0,74.0
2006-07-03,84.0,68.0
2006-07-04,88.0,67.0
2006-07-05,92.0,72.0
2006-07-06,91.0,76.0
2006-07-07,88.0,57.0
2006-07-08,77.0,61.0
2006-07-09,85.0,63.0
2006-07-10,77.0,60.1
2006-07-11,79.0,54.0
2006-07-12,77.0,63.0
2006-07-13,82.0,62.0
2006-07-14,79.0,66.0
2006-07-15,77.0,62.0
2006-07-16,86.0,65.0
2006-07-17,84.0,69.0
2006-07-18,88.0,67.0
2006-07-19,90.1,70.1
2006-07-20,80.1,64.0
2006-07-21,84.0,66.0
2006-07-22,89.0,68.0
2006-07-23,94.0,71.0
2006-07-24,91.0,69.0
2006-07-25,87.0,72.0
2006-07-26,87.0,66.0
2006-07-27,84.0,70.1
2006-07-28,89.0,65.0
2006-07-29,93.0,70.1
2006-07-30,100.1,73.0
2006-07-31,105.0,76.0
2006-08-01,102.0,79.0
2006-08-02,88.0,69.0
2006-08-03,95.0,71.0
2006-08-04,95.0,77.0
2006-08-05,88.0,67.0
2006-08-06,93.0,71.0
2006-08-07,90.1,70.1
2006-08-08,90.1,67.0
2006-08-09,93.0,73.0
2006-08-10,91.0,70.1
2006-08-11,79.0,58.0
2006-08-12,81.0,62.0
2006-08-13,86.0,63.0
2006-08-14,92.0,66.0
2006-08-15,87.0,74.0
2006-08-16,87.0,67.0
2006-08-17,84.0,54.0
2006-08-18,75.0,57.0
2006-08-19,84.0,60.1
2006-08-20,87.0,62.0
2006-08-21,86.0,66.0
2006-08-22,89.0,66.0
2006-08-23,88.0,69.0
2006-08-24,93.0,69.0
2006-08-25,91.0,71.0
2006-08-26,85.0,64.0
2006-08-27,85.0,60.1
2006-08-28,84.0,62.0
2006-08-29,83.0,62.0
2006-08-30,80.1,64.0
2006-08-31,75.0,59.0
2006-09-01,61.0,47.0
2006-09-02,65.0,51.0
2006-09-03,70.1,51.0
2006-09-04,77.0,55.0
2006-09-05,79.0,56.0
2006-09-06,83.0,60.1
2006-09-07,82.0,61.0
2006-09-08,80.1,61.0
2006-09-09,79.0,69.0
2006-09-10,83.0,63.0
2006-09-11,78.0,58.0
2006-09-12,80.1,60.1
2006-09-13,88.0,61.0
2006-09-14,83.0,65.0
2006-09-15,73.0,60.1
2006-09-16,70.1,52.0
2006-09-17,73.0,50.1
2006-09-18,82.0,57.0
2006-09-19,69.0,50.1
2006-09-20,50.1,46.0
2006-09-21,64.0,42.0
2006-09-22,61.0,51.0
2006-09-23,69.0,48.0
2006-09-24,75.0,47.0
2006-09-25,74.0,50.1
2006-09-26,71.0,54.0
2006-09-27,76.0,50.1
2006-09-28,81.0,64.0
2006-09-29,82.0,56.0
2006-09-30,67.0,57.0
2006-10-01,71.0,54.0
2006-10-02,73.0,54.0
2006-10-03,76.0,52.0
2006-10-04,79.0,56.0
2006-10-05,63.0,40.1
2006-10-06,49.0,37.0
2006-10-07,67.0,43.0
2006-10-08,68.0,48.0
2006-10-09,68.0,49.0
2006-10-10,69.0,48.0
2006-10-11,73.0,51.0
2006-10-12,71.0,54.0
2006-10-13,70.1,50.1
2006-10-14,65.0,42.0
2006-10-15,53.0,38.0
2006-10-16,58.0,38.0
2006-10-17,58.0,40.1
2006-10-18,65.0,46.0
2006-10-19,60.1,47.0
2006-10-20,57.0,45.0
2006-10-21,51.0,41.0
2006-10-22,57.0,41.0
2006-10-23,56.0,43.0
2006-10-24,54.0,41.0
2006-10-25,58.0,43.0
2006-10-26,54.0,46.0
2006-10-27,60.1,43.0
2006-10-28,59.0,40.1
2006-10-29,62.0,41.0
2006-10-30,58.0,43.0
2006-10-31,59.0,43.0
2006-11-01,63.0,41.0
2006-11-02,63.0,44.0
2006-11-03,60.1,45.0
2006-11-04,59.0,41.0
2006-11-05,57.0,42.0
2006-11-06,58.0,46.0
2006-11-07,53.0,43.0
2006-11-08,61.0,43.0
2006-11-09,61.0,42.0
2006-11-10,53.0,36.0
2006-11-11,50.1,41.0
2006-11-12,45.0,39.0
2006-11-13,42.0,32.0
2006-11-14,45.0,33.0
2006-11-15,43.0,33.0
2006-11-16,45.0,33.0
2006-11-17,44.0,32.0
2006-11-18,44.0,31.0
2006-11-19,50.1,33.0
2006-11-20,44.0,30.1
2006-11-21,42.0,32.0
2006-11-22,35.0,27.0
2006-11-23,29.0,23.0
2006-11-24,24.0,18.0
2006-11-25,23.0,19.0
2006-11-26,29.0,12.0
2006-11-27,15.0,9.0
2006-11-28,14.0,11.0
2006-11-29,16.0,4.0
2006-11-30,17.0,8.0
2006-12-01,15.0,8.0
2006-12-02,28.0,13.0
2006-12-03,24.0,15.0
2006-12-04,18.0,13.0
2006-12-05,17.0,8.0
2006-12-06,24.0,12.0
2006-12-07,28.0,13.0
2006-12-08,16.0,9.0
2006-12-09,17.0,6.0
2006-12-10,29.0,2.0
2006-12-11,23.0,6.0
2006-12-12,27.0,6.0
2006-12-13,24.0,-5.0
2006-12-14,24.0,9.0
2006-12-15,22.0,4.0
2006-12-16,21.0,2.0
2006-12-17,31.0,18.0
2006-12-18,36.0,11.0
2006-12-19,29.0,9.0
2006-12-20,31.0,11.0
2006-12-21,28.0,14.0
2006-12-22,29.0,7.0
2006-12-23,33.0,8.0
2006-12-24,25.0,16.0
2006-12-25,23.0,14.0
2006-12-26,28.0,11.0
2006-12-27,27.0,17.0
2006-12-28,19.0,15.0
2006-12-29,16.0,10.1
2006-12-30,19.0,5.0
2006-12-31,31.0,8.0
2007-01-01,23.0,10.1
2007-01-02,22.0,9.0
2007-01-03,20.1,14.0
2007-01-04,22.0,10.1
2007-01-05,14.0,4.0
2007-01-06,20.1,2.0
2007-01-07,11.0,-6.0
2007-01-08,16.0,-1.0
2007-01-09,19.0,2.0
2007-01-10,23.0,10.1
2007-01-11,21.0,4.0
2007-01-12,19.0,6.0
2007-01-13,21.0,9.0
2007-01-14,22.0,5.0
2007-01-15,10.1,-1.0
2007-01-16,15.0,3.0
2007-01-17,25.0,7.0
2007-01-18,18.0,-1.0
2007-01-19,32.0,3.0
2007-01-20,29.0,18.0
2007-01-21,26.0,11.0
2007-01-22,33.0,11.0
2007-01-23,13.0,5.0
2007-01-24,20.1,6.0
2007-01-25,28.0,10.1
2007-01-26,32.0,13.0
2007-01-27,20.1,6.0
2007-01-28,31.0,9.0
2007-01-29,32.0,12.0
2007-01-30,38.0,12.0
2007-01-31,29.0,9.0
2007-02-01,38.0,14.0
2007-02-02,38.0,19.0
2007-02-03,30.1,16.0
2007-02-04,27.0,18.0
2007-02-05,31.0,18.0
2007-02-06,31.0,12.0
2007-02-07,36.0,17.0
2007-02-08,33.0,22.0
2007-02-09,29.0,18.0
2007-02-10,36.0,23.0
2007-02-11,33.0,21.0
2007-02-12,37.0,16.0
2007-02-13,29.0,15.0
2007-02-14,31.0,21.0
2007-02-15,27.0,17.0
2007-02-16,24.0,17.0
2007-02-17,23.0,17.0
2007-02-18,27.0,14.0
2007-02-19,43.0,17.0
2007-02-20,28.0,16.0
2007-02-21,27.0,12.0
2007-02-22,26.0,11.0
2007-02-23,49.0,17.0
2007-02-24,45.0,13.0
2007-02-25,34.0,24.0
2007-02-26,26.0,20.1
2007-02-27,27.0,20.1
2007-02-28,20.1,14.0
2007-03-01,18.0,9.0
2007-03-02,18.0,5.0
2007-03-03,15.0,8.0
2007-03-04,22.0,7.0
2007-03-05,27.0,11.0
2007-03-06,29.0,18.0
2007-03-07,33.0,17.0
2007-03-08,32.0,19.0
2007-03-09,30.1,16.0
2007-03-10,23.0,13.0
2007-03-11,39.0,16.0
2007-03-12,37.0,24.0
2007-03-13,37.0,27.0
2007-03-14,37.0,26.0
2007-03-15,36.0,25.0
2007-03-16,40.1,27.0
2007-03-17,45.0,30.1
2007-03-18,46.0,35.0
2007-03-19,59.0,35.0
2007-03-20,55.0,36.0
2007-03-21,49.0,43.0
2007-03-22,55.0,40.1
2007-03-23,55.0,39.0
2007-03-24,56.0,38.0
2007-03-25,62.0,38.0
2007-03-26,62.0,44.0
2007-03-27,63.0,42.0
2007-03-28,62.0,43.0
2007-03-29,58.0,30.1
2007-03-30,47.0,29.0
2007-03-31,43.0,33.0
2007-04-01,50.1,28.0
2007-04-02,51.0,41.0
2007-04-03,57.0,37.0
2007-04-04,58.0,44.0
2007-04-05,63.0,44.0
2007-04-06,67.0,43.0
2007-04-07,68.0,46.0
2007-04-08,73.0,47.0
2007-04-09,69.0,51.0
2007-04-10,67.0,52.0
2007-04-11,67.0,52.0
2007-04-12,70.1,49.0
2007-04-13,69.0,57.0
2007-04-14,78.0,54.0
2007-04-15,72.0,54.0
2007-04-16,77.0,52.0
2007-04-17,78.0,54.0
2007-04-18,73.0,54.0
2007-04-19,68.0,49.0
2007-04-20,64.0,49.0
2007-04-21,59.0,38.0
2007-04-22,59.0,40.1
2007-04-23,59.0,43.0
2007-04-24,66.0,44.0
2007-04-25,66.0,49.0
2007-04-26,68.0,53.0
2007-04-27,80.1,48.0
2007-04-28,75.0,60.1
2007-04-29,68.0,47.0
2007-04-30,73.0,52.0
2007-05-01,71.0,53.0
2007-05-02,82.0,55.0
2007-05-03,79.0,59.0
2007-05-04,73.0,56.0
2007-05-05,78.0,63.0
2007-05-06,84.0,58.0
2007-05-07,81.0,52.0
2007-05-08,62.0,48.0
2007-05-09,49.0,40.1
2007-05-10,58.0,38.0
2007-05-11,68.0,45.0
2007-05-12,77.0,56.0
2007-05-13,75.0,49.0
2007-05-14,67.0,49.0
2007-05-15,79.0,52.0
2007-05-16,82.0,63.0
2007-05-17,80.1,63.0
2007-05-18,76.0,53.0
2007-05-19,64.0,54.0
2007-05-20,72.0,54.0
2007-05-21,68.0,60.1
2007-05-22,65.0,43.0
2007-05-23,72.0,42.0
2007-05-24,77.0,55.0
2007-05-25,79.0,60.1
2007-05-26,78.0,59.0
2007-05-27,84.0,61.0
2007-05-28,78.0,45.0
2007-05-29,62.0,47.0
2007-05-30,75.0,50.1
2007-05-31,82.0,55.0
2007-06-01,80.1,62.0
2007-06-02,75.0,57.0
2007-06-03,85.0,59.0
2007-06-04,91.0,65.0
2007-06-05,85.0,71.0
2007-06-06,80.1,54.0
2007-06-07,68.0,52.0
2007-06-08,78.0,60.1
2007-06-09,76.0,56.0
2007-06-10,82.0,58.0
2007-06-11,85.0,65.0
2007-06-12,82.0,68.0
2007-06-13,79.0,58.0
2007-06-14,77.0,63.0
2007-06-15,70.1,51.0
2007-06-16,74.0,53.0
2007-06-17,78.0,59.0
2007-06-18,83.0,61.0
2007-06-19,84.0,64.0
2007-06-20,90.1,65.0
2007-06-21,94.0,68.0
2007-06-22,94.0,71.0
2007-06-23,95.0,75.0
2007-06-24,96.0,77.0
2007-06-25,90.1,74.0
2007-06-26,86.0,67.0
2007-06-27,85.0,69.0
2007-06-28,93.0,69.0
2007-06-29,90.1,59.0
2007-06-30,83.0,60.1
2007-07-01,87.0,64.0
2007-07-02,86.0,60.1
2007-07-03,84.0,65.0
2007-07-04,81.0,64.0
2007-07-05,88.0,65.0
2007-07-06,92.0,70.1
2007-07-07,90.1,74.0
2007-07-08,89.0,72.0
2007-07-09,85.0,67.0
2007-07-10,81.0,62.0
2007-07-11,88.0,69.0
2007-07-12,92.0,73.0
2007-07-13,90.1,73.0
2007-07-14,82.0,73.0
2007-07-15,82.0,70.1
2007-07-16,80.1,63.0
2007-07-17,69.0,59.0
2007-07-18,81.0,62.0
2007-07-19,87.0,67.0
2007-07-20,92.0,68.0
2007-07-21,94.0,70.1
2007-07-22,93.0,73.0
2007-07-23,89.0,71.0
2007-07-24,85.0,72.0
2007-07-25,89.0,72.0
2007-07-26,88.0,70.1
2007-07-27,87.0,71.0
2007-07-28,71.0,58.0
2007-07-29,76.0,55.0
2007-07-30,80.1,62.0
2007-07-31,85.0,64.0
2007-08-01,89.0,67.0
2007-08-02,86.0,70.1
2007-08-03,83.0,67.0
2007-08-04,80.1,62.0
2007-08-05,80.1,63.0
2007-08-06,87.0,66.0
2007-08-07,86.0,71.0
2007-08-08,87.0,72.0
2007-08-09,92.0,69.0
2007-08-10,94.0,72.0
2007-08-11,100.1,73.0
2007-08-12,96.0,53.0
2007-08-13,70.1,52.0
2007-08-14,77.0,57.0
2007-08-15,81.0,60.1
2007-08-16,79.0,66.0
2007-08-17,77.0,59.0
2007-08-18,72.0,59.0
2007-08-19,77.0,58.0
2007-08-20,80.1,61.0
2007-08-21,78.0,60.1
2007-08-22,70.1,54.0
2007-08-23,78.0,53.0
2007-08-24,81.0,59.0
2007-08-25,83.0,62.0
2007-08-26,85.0,66.0
2007-08-27,80.1,65.0
2007-08-28,79.0,62.0
2007-08-29,82.0,62.0
2007-08-30,86.0,64.0
2007-08-31,89.0,68.0
2007-09-01,90.1,69.0
2007-09-02,92.0,67.0
2007-09-03,87.0,75.0
2007-09-04,87.0,67.0
2007-09-05,83.0,59.0
2007-09-06,70.1,56.0
2007-09-07,76.0,54.0
2007-09-08,80.1,58.0
2007-09-09,76.0,63.0
2007-09-10,78.0,62.0
2007-09-11,82.0,60.1
2007-09-12,84.0,71.0
2007-09-13,91.0,69.0
2007-09-14,83.0,66.0
2007-09-15,75.0,57.0
2007-09-16,80.1,51.0
2007-09-17,75.0,65.0
2007-09-18,78.0,60.1
2007-09-19,83.0,57.0
2007-09-20,87.0,61.0
2007-09-21,81.0,59.0
2007-09-22,67.0,54.0
2007-09-23,63.0,49.0
2007-09-24,49.0,40.1
2007-09-25,55.0,38.0
2007-09-26,59.0,42.0
2007-09-27,65.0,46.0
2007-09-28,65.0,48.0
2007-09-29,65.0,50.1
2007-09-30,63.0,52.0
2007-10-01,64.0,47.0
2007-10-02,65.0,47.0
2007-10-03,60.1,42.0
2007-10-04,48.0,39.0
2007-10-05,47.0,35.0
2007-10-06,51.0,35.0
2007-10-07,52.0,36.0
2007-10-08,56.0,39.0
2007-10-09,59.0,42.0
2007-10-10,55.0,41.0
2007-10-11,53.0,39.0
2007-10-12,56.0,37.0
2007-10-13,60.1,42.0
2007-10-14,66.0,43.0
2007-10-15,68.0,48.0
2007-10-16,66.0,44.0
2007-10-17,66.0,43.0
2007-10-18,68.0,46.0
2007-10-19,68.0,51.0
2007-10-20,64.0,44.0
2007-10-21,54.0,42.0
2007-10-22,48.0,39.0
2007-10-23,53.0,37.0
2007-10-24,52.0,38.0
2007-10-25,50.1,37.0
2007-10-26,42.0,32.0
2007-10-27,39.0,28.0
2007-10-28,47.0,28.0
2007-10-29,46.0,34.0
2007-10-30,46.0,33.0
2007-10-31,48.0,33.0
2007-11-01,48.0,33.0
2007-11-02,50.1,34.0
2007-11-03,49.0,33.0
2007-11-04,48.0,35.0
2007-11-05,61.0,37.0
2007-11-06,52.0,39.0
2007-11-07,49.0,35.0
2007-11-08,53.0,37.0
2007-11-09,55.0,38.0
2007-11-10,44.0,28.0
2007-11-11,35.0,23.0
2007-11-12,31.0,24.0
2007-11-13,40.1,28.0
2007-11-14,39.0,26.0
2007-11-15,36.0,26.0
2007-11-16,39.0,27.0
2007-11-17,43.0,31.0
2007-11-18,43.0,29.0
2007-11-19,41.0,29.0
2007-11-20,41.0,26.0
2007-11-21,44.0,30.1
2007-11-22,55.0,29.0
2007-11-23,47.0,26.0
2007-11-24,37.0,22.0
2007-11-25,35.0,20.1
2007-11-26,27.0,14.0
2007-11-27,34.0,18.0
2007-11-28,35.0,22.0
2007-11-29,34.0,18.0
2007-11-30,35.0,24.0
2007-12-01,34.0,22.0
2007-12-02,34.0,20.1
2007-12-03,34.0,21.0
2007-12-04,29.0,19.0
2007-12-05,29.0,18.0
2007-12-06,30.1,22.0
2007-12-07,35.0,22.0
2007-12-08,26.0,21.0
2007-12-09,28.0,17.0
2007-12-10,23.0,19.0
2007-12-11,23.0,17.0
2007-12-12,17.0,15.0
2007-12-13,19.0,11.0
2007-12-14,15.0,6.0
2007-12-15,16.0,7.0
2007-12-16,16.0,5.0
2007-12-17,15.0,3.0
2007-12-18,27.0,3.0
2007-12-19,32.0,7.0
2007-12-20,33.0,7.0
2007-12-21,38.0,7.0
2007-12-22,40.1,15.0
2007-12-23,37.0,10.1
2007-12-24,31.0,20.1
2007-12-25,29.0,13.0
2007-12-26,22.0,7.0
2007-12-27,14.0,-4.0
2007-12-28,6.0,-11.0
2007-12-29,5.0,-6.0
2007-12-30,6.0,-6.0
2007-12-31,5.0,-8.0
2008-01-01,10.1,-3.0
2008-01-02,13.0,-5.0
2008-01-03,16.0,-7.0
2008-01-04,22.0,-4.0
2008-01-05,27.0,0.1
2008-01-06,21.0,6.0
2008-01-07,20.1,3.0
2008-01-08,11.0,2.0
2008-01-09,18.0,6.0
2008-01-10,15.0,5.0
2008-01-11,12.0,3.0
2008-01-12,16.0,5.0
2008-01-13,11.0,2.0
2008-01-14,17.0,2.0
2008-01-15,16.0,6.0
2008-01-16,9.0,0.1
2008-01-17,18.0,0.1
2008-01-18,14.0,7.0
2008-01-19,9.0,-5.0
2008-01-20,0.1,-8.0
2008-01-21,2.0,-10.1
2008-01-22,3.0,-8.0
2008-01-23,-1.0,-9.0
2008-01-24,4.0,-8.0
2008-01-25,5.0,-6.0
2008-01-26,6.0,-2.0
2008-01-27,6.0,-4.0
2008-01-28,6.0,-6.0
2008-01-29,10.1,-3.0
2008-01-30,12.0,-1.0
2008-01-31,15.0,0.1
2008-02-01,17.0,-1.0
2008-02-02,13.0,-5.0
2008-02-03,17.0,-1.0
2008-02-04,16.0,1.0
2008-02-05,13.0,1.0
2008-02-06,18.0,2.0
2008-02-07,15.0,3.0
2008-02-08,20.1,5.0
2008-02-09,11.0,0.1
2008-02-10,15.0,3.0
2008-02-11,15.0,5.0
2008-02-12,15.0,1.0
2008-02-13,9.0,-2.0
2008-02-14,18.0,-3.0
2008-02-15,20.1,6.0
2008-02-16,24.0,6.0
2008-02-17,27.0,12.0
2008-02-18,25.0,11.0
2008-02-19,39.0,7.0
2008-02-20,31.0,21.0
2008-02-21,26.0,15.0
2008-02-22,31.0,19.0
2008-02-23,29.0,23.0
2008-02-24,36.0,17.0
2008-02-25,26.0,13.0
2008-02-26,29.0,15.0
2008-02-27,42.0,18.0
2008-02-28,45.0,18.0
2008-02-29,40.1,26.0
2008-03-01,33.0,24.0
2008-03-02,36.0,24.0
2008-03-03,41.0,27.0
2008-03-04,42.0,30.1
2008-03-05,49.0,29.0
2008-03-06,54.0,34.0
2008-03-07,48.0,38.0
2008-03-08,49.0,34.0
2008-03-09,54.0,35.0
2008-03-10,48.0,40.1
2008-03-11,44.0,29.0
2008-03-12,40.1,29.0
2008-03-13,43.0,30.1
2008-03-14,49.0,33.0
2008-03-15,57.0,32.0
2008-03-16,61.0,40.1
2008-03-17,63.0,43.0
2008-03-18,59.0,41.0
2008-03-19,52.0,33.0
2008-03-20,54.0,33.0
2008-03-21,56.0,35.0
2008-03-22,59.0,40.1
2008-03-23,67.0,40.1
2008-03-24,64.0,47.0
2008-03-25,61.0,36.0
2008-03-26,48.0,29.0
2008-03-27,46.0,29.0
2008-03-28,53.0,33.0
2008-03-29,50.1,38.0
2008-03-30,48.0,30.1
2008-03-31,54.0,31.0
2008-04-01,60.1,38.0
2008-04-02,64.0,49.0
2008-04-03,64.0,44.0
2008-04-04,64.0,49.0
2008-04-05,70.1,43.0
2008-04-06,66.0,47.0
2008-04-07,69.0,48.0
2008-04-08,64.0,36.0
2008-04-09,56.0,35.0
2008-04-10,58.0,40.1
2008-04-11,62.0,44.0
2008-04-12,65.0,41.0
2008-04-13,69.0,44.0
2008-04-14,74.0,51.0
2008-04-15,70.1,54.0
2008-04-16,65.0,50.1
2008-04-17,69.0,49.0
2008-04-18,53.0,23.0
2008-04-19,32.0,24.0
2008-04-20,43.0,25.0
2008-04-21,52.0,31.0
2008-04-22,61.0,39.0
2008-04-23,66.0,49.0
2008-04-24,71.0,46.0
2008-04-25,71.0,57.0
2008-04-26,78.0,56.0
2008-04-27,80.1,56.0
2008-04-28,78.0,46.0
2008-04-29,64.0,46.0
2008-04-30,70.1,46.0
2008-05-01,55.0,43.0
2008-05-02,56.0,34.0
2008-05-03,68.0,45.0
2008-05-04,81.0,59.0
2008-05-05,69.0,52.0
2008-05-06,62.0,50.1
2008-05-07,65.0,50.1
2008-05-08,75.0,47.0
2008-05-09,83.0,65.0
2008-05-10,86.0,59.0
2008-05-11,85.0,65.0
2008-05-12,86.0,68.0
2008-05-13,87.0,68.0
2008-05-14,90.1,69.0
2008-05-15,88.0,69.0
2008-05-16,87.0,68.0
2008-05-17,84.0,69.0
2008-05-18,78.0,56.0
2008-05-19,80.1,60.1
2008-05-20,80.1,66.0
2008-05-21,81.0,63.0
2008-05-22,84.0,64.0
2008-05-23,85.0,69.0
2008-05-24,82.0,63.0
2008-05-25,71.0,55.0
2008-05-26,76.0,56.0
2008-05-27,80.1,58.0
2008-05-28,85.0,62.0
2008-05-29,90.1,66.0
2008-05-30,91.0,72.0
2008-05-31,95.0,71.0
2008-06-01,97.0,72.0
2008-06-02,89.0,76.0
2008-06-03,85.0,70.1
2008-06-04,81.0,67.0
2008-06-05,91.0,66.0
2008-06-06,98.0,71.0
2008-06-07,91.0,70.1
2008-06-08,88.0,69.0
2008-06-09,90.1,70.1
2008-06-10,98.0,70.1
2008-06-11,91.0,56.0
2008-06-12,82.0,58.0
2008-06-13,81.0,64.0
2008-06-14,83.0,63.0
2008-06-15,92.0,63.0
2008-06-16,89.0,71.0
2008-06-17,87.0,68.0
2008-06-18,75.0,59.0
2008-06-19,76.0,61.0
2008-06-20,75.0,57.0
2008-06-21,81.0,59.0
2008-06-22,91.0,63.0
2008-06-23,89.0,72.0
2008-06-24,91.0,70.1
2008-06-25,90.1,71.0
2008-06-26,87.0,67.0
2008-06-27,81.0,66.0
2008-06-28,84.0,67.0
2008-06-29,86.0,67.0
2008-06-30,80.1,67.0
2008-07-01,79.0,66.0
2008-07-02,87.0,66.0
2008-07-03,94.0,68.0
2008-07-04,92.0,74.0
2008-07-05,90.1,75.0
2008-07-06,91.0,72.0
2008-07-07,82.0,71.0
2008-07-08,79.0,64.0
2008-07-09,83.0,65.0
2008-07-10,87.0,67.0
2008-07-11,89.0,69.0
2008-07-12,93.0,70.1
2008-07-13,96.0,71.0
2008-07-14,92.0,77.0
2008-07-15,91.0,74.0
2008-07-16,93.0,70.1
2008-07-17,90.1,72.0
2008-07-18,93.0,70.1
2008-07-19,87.0,69.0
2008-07-20,78.0,65.0
2008-07-21,87.0,66.0
2008-07-22,88.0,73.0
2008-07-23,90.1,72.0
2008-07-24,89.0,64.0
2008-07-25,78.0,65.0
2008-07-26,76.0,59.0
2008-07-27,82.0,63.0
2008-07-28,86.0,69.0
2008-07-29,80.1,66.0
2008-07-30,87.0,69.0
2008-07-31,93.0,71.0
2008-08-01,99.0,77.0
2008-08-02,101.0,78.0
2008-08-03,97.0,77.0
2008-08-04,93.0,69.0
2008-08-05,71.0,55.0
2008-08-06,81.0,58.0
2008-08-07,91.0,62.0
2008-08-08,89.0,70.1
2008-08-09,96.0,72.0
2008-08-10,99.0,73.0
2008-08-11,96.0,74.0
2008-08-12,81.0,65.0
2008-08-13,81.0,66.0
2008-08-14,82.0,65.0
2008-08-15,89.0,66.0
2008-08-16,89.0,71.0
2008-08-17,79.0,67.0
2008-08-18,82.0,68.0
2008-08-19,78.0,55.0
2008-08-20,80.1,57.0
2008-08-21,85.0,60.1
2008-08-22,84.0,66.0
2008-08-23,87.0,68.0
2008-08-24,85.0,65.0
2008-08-25,85.0,65.0
2008-08-26,91.0,65.0
2008-08-27,74.0,58.0
2008-08-28,70.1,54.0
2008-08-29,82.0,56.0
2008-08-30,85.0,66.0
2008-08-31,81.0,63.0
2008-09-01,80.1,62.0
2008-09-02,84.0,61.0
2008-09-03,84.0,64.0
2008-09-04,78.0,63.0
2008-09-05,80.1,59.0
2008-09-06,75.0,52.0
2008-09-07,62.0,49.0
2008-09-08,65.0,50.1
2008-09-09,76.0,52.0
2008-09-10,81.0,55.0
2008-09-11,84.0,60.1
2008-09-12,83.0,67.0
2008-09-13,81.0,64.0
2008-09-14,85.0,61.0
2008-09-15,86.0,63.0
2008-09-16,80.1,62.0
2008-09-17,86.0,61.0
2008-09-18,82.0,60.1
2008-09-19,69.0,56.0
2008-09-20,63.0,44.0
2008-09-21,57.0,42.0
2008-09-22,56.0,42.0
2008-09-23,53.0,40.1
2008-09-24,55.0,39.0
2008-09-25,58.0,42.0
2008-09-26,64.0,46.0
2008-09-27,71.0,47.0
2008-09-28,67.0,52.0
2008-09-29,77.0,55.0
2008-09-30,74.0,55.0
2008-10-01,70.1,55.0
2008-10-02,67.0,54.0
2008-10-03,69.0,51.0
2008-10-04,72.0,51.0
2008-10-05,66.0,56.0
2008-10-06,66.0,53.0
2008-10-07,68.0,50.1
2008-10-08,68.0,50.1
2008-10-09,71.0,48.0
2008-10-10,74.0,51.0
2008-10-11,75.0,53.0
2008-10-12,69.0,53.0
2008-10-13,62.0,45.0
2008-10-14,57.0,46.0
2008-10-15,58.0,42.0
2008-10-16,57.0,44.0
2008-10-17,61.0,40.1
2008-10-18,60.1,47.0
2008-10-19,67.0,44.0
2008-10-20,60.1,33.0
2008-10-21,44.0,29.0
2008-10-22,42.0,29.0
2008-10-23,45.0,31.0
2008-10-24,50.1,35.0
2008-10-25,49.0,35.0
2008-10-26,50.1,35.0
2008-10-27,48.0,39.0
2008-10-28,49.0,34.0
2008-10-29,51.0,37.0
2008-10-30,53.0,37.0
2008-10-31,53.0,38.0
2008-11-01,54.0,36.0
2008-11-02,51.0,38.0
2008-11-03,50.1,37.0
2008-11-04,53.0,40.1
2008-11-05,56.0,38.0
2008-11-06,50.1,39.0
2008-11-07,49.0,34.0
2008-11-08,55.0,40.1
2008-11-09,45.0,28.0
2008-11-10,28.0,24.0
2008-11-11,29.0,24.0
2008-11-12,34.0,22.0
2008-11-13,37.0,22.0
2008-11-14,37.0,28.0
2008-11-15,39.0,28.0
2008-11-16,38.0,32.0
2008-11-17,34.0,28.0
2008-11-18,32.0,23.0
2008-11-19,30.1,22.0
2008-11-20,32.0,22.0
2008-11-21,38.0,26.0
2008-11-22,35.0,26.0
2008-11-23,29.0,24.0
2008-11-24,39.0,21.0
2008-11-25,40.1,25.0
2008-11-26,31.0,19.0
2008-11-27,40.1,24.0
2008-11-28,39.0,26.0
2008-11-29,50.1,24.0
2008-11-30,50.1,30.1
2008-12-01,43.0,23.0
2008-12-02,29.0,20.1
2008-12-03,25.0,9.0
2008-12-04,10.1,2.0
2008-12-05,19.0,3.0
2008-12-06,31.0,11.0
2008-12-07,42.0,25.0
2008-12-08,35.0,16.0
2008-12-09,40.1,18.0
2008-12-10,29.0,17.0
2008-12-11,38.0,14.0
2008-12-12,31.0,21.0
2008-12-13,22.0,17.0
2008-12-14,18.0,13.0
2008-12-15,34.0,12.0
2008-12-16,27.0,16.0
2008-12-17,20.1,13.0
2008-12-18,21.0,14.0
2008-12-19,28.0,17.0
2008-12-20,20.1,13.0
2008-12-21,17.0,13.0
2008-12-22,23.0,13.0
2008-12-23,23.0,9.0
2008-12-24,23.0,12.0
2008-12-25,20.1,9.0
2008-12-26,12.0,8.0
2008-12-27,23.0,4.0
2008-12-28,14.0,0.1
2008-12-29,15.0,1.0
2008-12-30,18.0,3.0
2008-12-31,22.0,12.0
2009-01-01,14.0,4.0
2009-01-02,16.0,8.0
2009-01-03,11.0,2.0
2009-01-04,19.0,5.0
2009-01-05,20.1,9.0
2009-01-06,20.1,3.0
2009-01-07,15.0,2.0
2009-01-08,16.0,4.0
2009-01-09,14.0,6.0
2009-01-10,23.0,8.0
2009-01-11,19.0,6.0
2009-01-12,18.0,5.0
2009-01-13,24.0,9.0
2009-01-14,15.0,6.0
2009-01-15,36.0,9.0
2009-01-16,36.0,17.0
2009-01-17,32.0,22.0
2009-01-18,24.0,15.0
2009-01-19,28.0,17.0
2009-01-20,32.0,14.0
2009-01-21,19.0,8.0
2009-01-22,15.0,3.0
2009-01-23,14.0,2.0
2009-01-24,16.0,4.0
2009-01-25,27.0,11.0
2009-01-26,19.0,4.0
2009-01-27,30.1,7.0
2009-01-28,26.0,12.0
2009-01-29,29.0,9.0
2009-01-30,30.1,17.0
2009-01-31,36.0,13.0
2009-02-01,26.0,16.0
2009-02-02,22.0,17.0
2009-02-03,29.0,14.0
2009-02-04,30.1,17.0
2009-02-05,31.0,22.0
2009-02-06,28.0,22.0
2009-02-07,24.0,17.0
2009-02-08,21.0,16.0
2009-02-09,43.0,15.0
2009-02-10,33.0,18.0
2009-02-11,33.0,25.0
2009-02-12,25.0,10.1
2009-02-13,21.0,8.0
2009-02-14,22.0,6.0
2009-02-15,15.0,2.0
2009-02-16,18.0,6.0
2009-02-17,21.0,8.0
2009-02-18,24.0,6.0
2009-02-19,18.0,3.0
2009-02-20,21.0,0.1
2009-02-21,20.1,8.0
2009-02-22,17.0,6.0
2009-02-23,14.0,3.0
2009-02-24,13.0,2.0
2009-02-25,17.0,4.0
2009-02-26,23.0,6.0
2009-02-27,26.0,13.0
2009-02-28,34.0,15.0
2009-03-01,29.0,16.0
2009-03-02,29.0,15.0
2009-03-03,27.0,16.0
2009-03-04,29.0,18.0
2009-03-05,29.0,18.0
2009-03-06,39.0,23.0
2009-03-07,45.0,28.0
2009-03-08,42.0,29.0
2009-03-09,36.0,27.0
2009-03-10,30.1,24.0
2009-03-11,34.0,15.0
2009-03-12,40.1,18.0
2009-03-13,34.0,20.1
2009-03-14,45.0,27.0
2009-03-15,46.0,33.0
2009-03-16,73.0,36.0
2009-03-17,59.0,42.0
2009-03-18,52.0,35.0
2009-03-19,49.0,35.0
2009-03-20,36.0,29.0
2009-03-21,38.0,24.0
2009-03-22,44.0,27.0
2009-03-23,51.0,33.0
2009-03-24,52.0,38.0
2009-03-25,49.0,41.0
2009-03-26,51.0,37.0
2009-03-27,58.0,36.0
2009-03-28,64.0,47.0
2009-03-29,66.0,43.0
2009-03-30,65.0,46.0
2009-03-31,62.0,47.0
2009-04-01,59.0,44.0
2009-04-02,57.0,42.0
2009-04-03,62.0,43.0
2009-04-04,64.0,48.0
2009-04-05,74.0,47.0
2009-04-06,73.0,56.0
2009-04-07,69.0,52.0
2009-04-08,58.0,42.0
2009-04-09,60.1,43.0
2009-04-10,64.0,49.0
2009-04-11,70.1,49.0
2009-04-12,71.0,54.0
2009-04-13,72.0,50.1
2009-04-14,66.0,48.0
2009-04-15,68.0,51.0
2009-04-16,65.0,40.1
2009-04-17,56.0,40.1
2009-04-18,53.0,40.1
2009-04-19,60.1,39.0
2009-04-20,67.0,45.0
2009-04-21,71.0,51.0
2009-04-22,72.0,53.0
2009-04-23,69.0,49.0
2009-04-24,68.0,52.0
2009-04-25,75.0,51.0
2009-04-26,78.0,67.0
2009-04-27,70.1,50.1
2009-04-28,66.0,48.0
2009-04-29,58.0,38.0
2009-04-30,66.0,42.0
2009-05-01,71.0,47.0
2009-05-02,78.0,64.0
2009-05-03,78.0,58.0
2009-05-04,76.0,60.1
2009-05-05,64.0,52.0
2009-05-06,63.0,51.0
2009-05-07,61.0,47.0
2009-05-08,57.0,45.0
2009-05-09,58.0,42.0
2009-05-10,67.0,44.0
2009-05-11,74.0,50.1
2009-05-12,76.0,55.0
2009-05-13,79.0,57.0
2009-05-14,75.0,59.0
2009-05-15,75.0,58.0
2009-05-16,74.0,59.0
2009-05-17,73.0,54.0
2009-05-18,84.0,57.0
2009-05-19,82.0,49.0
2009-05-20,67.0,47.0
2009-05-21,78.0,51.0
2009-05-22,74.0,50.1
2009-05-23,67.0,49.0
2009-05-24,77.0,54.0
2009-05-25,70.1,46.0
2009-05-26,49.0,35.0
2009-05-27,67.0,40.1
2009-05-28,76.0,50.1
2009-05-29,81.0,55.0
2009-05-30,85.0,60.1
2009-05-31,83.0,65.0
2009-06-01,80.1,60.1
2009-06-02,83.0,63.0
2009-06-03,80.1,51.0
2009-06-04,67.0,50.1
2009-06-05,76.0,55.0
2009-06-06,75.0,61.0
2009-06-07,85.0,60.1
2009-06-08,81.0,59.0
2009-06-09,81.0,60.1
2009-06-10,84.0,66.0
2009-06-11,86.0,66.0
2009-06-12,85.0,69.0
2009-06-13,82.0,60.1
2009-06-14,71.0,51.0
2009-06-15,79.0,56.0
2009-06-16,77.0,61.0
2009-06-17,67.0,50.1
2009-06-18,66.0,49.0
2009-06-19,78.0,56.0
2009-06-20,82.0,65.0
2009-06-21,82.0,60.1
2009-06-22,89.0,66.0
2009-06-23,93.0,70.1
2009-06-24,88.0,72.0
2009-06-25,76.0,63.0
2009-06-26,78.0,55.0
2009-06-27,86.0,63.0
2009-06-28,88.0,66.0
2009-06-29,94.0,70.1
2009-06-30,70.1,56.0
2009-07-01,64.0,53.0
2009-07-02,79.0,60.1
2009-07-03,87.0,61.0
2009-07-04,89.0,66.0
2009-07-05,87.0,68.0
2009-07-06,83.0,70.1
2009-07-07,86.0,71.0
2009-07-08,85.0,70.1
2009-07-09,89.0,67.0
2009-07-10,89.0,70.1
2009-07-11,88.0,68.0
2009-07-12,95.0,68.0
2009-07-13,91.0,74.0
2009-07-14,81.0,68.0
2009-07-15,79.0,65.0
2009-07-16,84.0,63.0
2009-07-17,82.0,62.0
2009-07-18,86.0,63.0
2009-07-19,86.0,65.0
2009-07-20,84.0,61.0
2009-07-21,91.0,68.0
2009-07-22,94.0,72.0
2009-07-23,91.0,66.0
2009-07-24,83.0,66.0
2009-07-25,80.1,61.0
2009-07-26,87.0,64.0
2009-07-27,88.0,72.0
2009-07-28,90.1,65.0
2009-07-29,84.0,63.0
2009-07-30,79.0,61.0
2009-07-31,90.1,66.0
2009-08-01,92.0,68.0
2009-08-02,89.0,74.0
2009-08-03,89.0,69.0
2009-08-04,84.0,71.0
2009-08-05,83.0,67.0
2009-08-06,76.0,62.0
2009-08-07,81.0,61.0
2009-08-08,89.0,61.0
2009-08-09,94.0,67.0
2009-08-10,96.0,71.0
2009-08-11,93.0,73.0
2009-08-12,91.0,66.0
2009-08-13,84.0,61.0
2009-08-14,79.0,62.0
2009-08-15,79.0,62.0
2009-08-16,80.1,62.0
2009-08-17,81.0,63.0
2009-08-18,81.0,62.0
2009-08-19,83.0,61.0
2009-08-20,83.0,66.0
2009-08-21,76.0,58.0
2009-08-22,74.0,53.0
2009-08-23,79.0,60.1
2009-08-24,81.0,62.0
2009-08-25,89.0,62.0
2009-08-26,87.0,65.0
2009-08-27,83.0,69.0
2009-08-28,85.0,66.0
2009-08-29,97.0,65.0
2009-08-30,88.0,64.0
2009-08-31,80.1,62.0
2009-09-01,80.1,62.0
2009-09-02,75.0,47.0
2009-09-03,62.0,44.0
2009-09-04,64.0,49.0
2009-09-05,68.0,52.0
2009-09-06,70.1,54.0
2009-09-07,73.0,56.0
2009-09-08,70.1,55.0
2009-09-09,72.0,54.0
2009-09-10,70.1,52.0
2009-09-11,69.0,56.0
2009-09-12,73.0,57.0
2009-09-13,78.0,57.0
2009-09-14,83.0,57.0
2009-09-15,84.0,60.1
2009-09-16,88.0,62.0
2009-09-17,84.0,61.0
2009-09-18,73.0,50.1
2009-09-19,66.0,43.0
2009-09-20,68.0,51.0
2009-09-21,76.0,53.0
2009-09-22,77.0,56.0
2009-09-23,70.1,56.0
2009-09-24,68.0,51.0
2009-09-25,71.0,50.1
2009-09-26,75.0,54.0
2009-09-27,72.0,55.0
2009-09-28,68.0,55.0
2009-09-29,71.0,54.0
2009-09-30,74.0,52.0
2009-10-01,79.0,55.0
2009-10-02,79.0,59.0
2009-10-03,78.0,56.0
2009-10-04,72.0,54.0
2009-10-05,67.0,51.0
2009-10-06,67.0,51.0
2009-10-07,67.0,51.0
2009-10-08,69.0,49.0
2009-10-09,70.1,51.0
2009-10-10,68.0,51.0
2009-10-11,65.0,48.0
2009-10-12,59.0,51.0
2009-10-13,58.0,42.0
2009-10-14,54.0,38.0
2009-10-15,58.0,38.0
2009-10-16,59.0,39.0
2009-10-17,63.0,42.0
2009-10-18,61.0,45.0
2009-10-19,62.0,45.0
2009-10-20,59.0,45.0
2009-10-21,66.0,47.0
2009-10-22,66.0,46.0
2009-10-23,67.0,45.0
2009-10-24,58.0,35.0
2009-10-25,45.0,32.0
2009-10-26,47.0,31.0
2009-10-27,59.0,35.0
2009-10-28,49.0,37.0
2009-10-29,43.0,36.0
2009-10-30,44.0,33.0
2009-10-31,45.0,30.1
2009-11-01,45.0,32.0
2009-11-02,44.0,30.1
2009-11-03,47.0,32.0
2009-11-04,57.0,36.0
2009-11-05,65.0,44.0
2009-11-06,61.0,45.0
2009-11-07,51.0,40.1
2009-11-08,42.0,34.0
2009-11-09,36.0,32.0
2009-11-10,32.0,22.0
2009-11-11,27.0,18.0
2009-11-12,22.0,20.1
2009-11-13,22.0,19.0
2009-11-14,20.1,17.0
2009-11-15,20.1,15.0
2009-11-16,21.0,7.0
2009-11-17,18.0,7.0
2009-11-18,21.0,9.0
2009-11-19,33.0,14.0
2009-11-20,25.0,15.0
2009-11-21,25.0,10.1
2009-11-22,41.0,15.0
2009-11-23,33.0,20.1
2009-11-24,34.0,21.0
2009-11-25,33.0,25.0
2009-11-26,31.0,26.0
2009-11-27,29.0,24.0
2009-11-28,31.0,22.0
2009-11-29,27.0,19.0
2009-11-30,38.0,23.0
2009-12-01,37.0,23.0
2009-12-02,23.0,20.1
2009-12-03,31.0,21.0
2009-12-04,22.0,15.0
2009-12-05,24.0,12.0
2009-12-06,36.0,24.0
2009-12-07,35.0,12.0
2009-12-08,27.0,14.0
2009-12-09,17.0,11.0
2009-12-10,14.0,3.0
2009-12-11,11.0,0.1
2009-12-12,8.0,1.0
2009-12-13,17.0,0.1
2009-12-14,12.0,2.0
2009-12-15,9.0,0.1
2009-12-16,20.1,3.0
2009-12-17,35.0,2.0
2009-12-18,31.0,7.0
2009-12-19,21.0,4.0
2009-12-20,18.0,6.0
2009-12-21,26.0,8.0
2009-12-22,41.0,15.0
2009-12-23,30.1,9.0
2009-12-24,13.0,-10.1
2009-12-25,13.0,-10.1
2009-12-26,23.0,-1.0
2009-12-27,15.0,-6.0
2009-12-28,21.0,8.0
2009-12-29,17.0,4.0
2009-12-30,30.1,2.0
2009-12-31,32.0,6.0
2010-01-01,38.0,23.0
2010-01-02,44.0,12.0
2010-01-03,28.0,21.0
2010-01-04,31.0,18.0
2010-01-05,35.0,17.0
2010-01-06,49.0,28.0
2010-01-07,44.0,17.0
2010-01-08,30.1,22.0
2010-01-09,23.0,17.0
2010-01-10,19.0,9.0
2010-01-11,19.0,-1.0
2010-01-12,10.1,-5.0
2010-01-13,24.0,1.0
2010-01-14,34.0,2.0
2010-01-15,35.0,4.0
2010-01-16,28.0,6.0
2010-01-17,40.1,13.0
2010-01-18,40.1,11.0
2010-01-19,11.0,-5.0
2010-01-20,-3.0,-12.0
2010-01-21,-11.0,-17.0
2010-01-22,-1.0,-14.0
2010-01-23,8.0,-7.0
2010-01-24,10.1,0.1
2010-01-25,18.0,1.0
2010-01-26,26.0,11.0
2010-01-27,18.0,10.1
2010-01-28,15.0,5.0
2010-01-29,8.0,-3.0
2010-01-30,28.0,1.0
2010-01-31,22.0,3.0
2010-02-01,13.0,5.0
2010-02-02,7.0,1.0
2010-02-03,14.0,-1.0
2010-02-04,28.0,-1.0
2010-02-05,20.1,4.0
2010-02-06,13.0,4.0
2010-02-07,11.0,2.0
2010-02-08,6.0,-1.0
2010-02-09,1.0,-5.0
2010-02-10,4.0,-5.0
2010-02-11,0.1,-11.0
2010-02-12,6.0,-8.0
2010-02-13,7.0,-3.0
2010-02-14,10.1,-4.0
2010-02-15,19.0,0.1
2010-02-16,18.0,5.0
2010-02-17,8.0,-4.0
2010-02-18,28.0,-1.0
2010-02-19,27.0,4.0
2010-02-20,25.0,11.0
2010-02-21,27.0,15.0
2010-02-22,32.0,17.0
2010-02-23,30.1,18.0
2010-02-24,24.0,15.0
2010-02-25,22.0,9.0
2010-02-26,26.0,13.0
2010-02-27,26.0,21.0
2010-02-28,33.0,18.0
2010-03-01,27.0,19.0
2010-03-02,26.0,17.0
2010-03-03,18.0,11.0
2010-03-04,13.0,4.0
2010-03-05,17.0,2.0
2010-03-06,15.0,2.0
2010-03-07,22.0,3.0
2010-03-08,15.0,1.0
2010-03-09,22.0,6.0
2010-03-10,31.0,13.0
2010-03-11,39.0,18.0
2010-03-12,57.0,23.0
2010-03-13,28.0,19.0
2010-03-14,33.0,14.0
2010-03-15,25.0,11.0
2010-03-16,45.0,20.1
2010-03-17,65.0,22.0
2010-03-18,61.0,26.0
2010-03-19,42.0,31.0
2010-03-20,50.1,23.0
2010-03-21,38.0,20.1
2010-03-22,31.0,17.0
2010-03-23,38.0,21.0
2010-03-24,34.0,25.0
2010-03-25,42.0,24.0
2010-03-26,50.1,32.0
2010-03-27,47.0,32.0
2010-03-28,43.0,24.0
2010-03-29,42.0,19.0
2010-03-30,32.0,21.0
2010-03-31,34.0,19.0
2010-04-01,39.0,23.0
2010-04-02,42.0,26.0
2010-04-03,50.1,30.1
2010-04-04,50.1,34.0
2010-04-05,54.0,38.0
2010-04-06,59.0,40.1
2010-04-07,59.0,46.0
2010-04-08,49.0,36.0
2010-04-09,45.0,31.0
2010-04-10,41.0,24.0
2010-04-11,37.0,26.0
2010-04-12,47.0,26.0
2010-04-13,43.0,33.0
2010-04-14,60.1,34.0
2010-04-15,60.1,45.0
2010-04-16,59.0,45.0
2010-04-17,55.0,41.0
2010-04-18,49.0,39.0
2010-04-19,46.0,33.0
2010-04-20,56.0,35.0
2010-04-21,65.0,39.0
2010-04-22,67.0,55.0
2010-04-23,67.0,47.0
2010-04-24,63.0,39.0
2010-04-25,70.1,43.0
2010-04-26,77.0,47.0
2010-04-27,81.0,52.0
2010-04-28,78.0,60.1
2010-04-29,84.0,57.0
2010-04-30,80.1,58.0
2010-05-01,78.0,56.0
2010-05-02,74.0,56.0
2010-05-03,69.0,47.0
2010-05-04,63.0,46.0
2010-05-05,70.1,51.0
2010-05-06,75.0,54.0
2010-05-07,74.0,57.0
2010-05-08,70.1,50.1
2010-05-09,74.0,53.0
2010-05-10,75.0,62.0
2010-05-11,73.0,58.0
2010-05-12,67.0,47.0
2010-05-13,68.0,46.0
2010-05-14,66.0,35.0
2010-05-15,46.0,36.0
2010-05-16,54.0,40.1
2010-05-17,72.0,41.0
2010-05-18,76.0,48.0
2010-05-19,75.0,56.0
2010-05-20,76.0,58.0
2010-05-21,85.0,59.0
2010-05-22,83.0,60.1
2010-05-23,69.0,51.0
2010-05-24,60.1,46.0
2010-05-25,71.0,51.0
2010-05-26,78.0,53.0
2010-05-27,80.1,58.0
2010-05-28,76.0,63.0
2010-05-29,75.0,64.0
2010-05-30,82.0,63.0
2010-05-31,84.0,68.0
2010-06-01,87.0,72.0
2010-06-02,77.0,61.0
2010-06-03,67.0,58.0
2010-06-04,63.0,55.0
2010-06-05,74.0,53.0
2010-06-06,79.0,61.0
2010-06-07,80.1,59.0
2010-06-08,85.0,60.1
2010-06-09,89.0,63.0
2010-06-10,88.0,70.1
2010-06-11,90.1,69.0
2010-06-12,94.0,71.0
2010-06-13,90.1,65.0
2010-06-14,80.1,65.0
2010-06-15,87.0,65.0
2010-06-16,91.0,69.0
2010-06-17,94.0,73.0
2010-06-18,97.0,75.0
2010-06-19,96.0,77.0
2010-06-20,95.0,78.0
2010-06-21,90.1,76.0
2010-06-22,89.0,74.0
2010-06-23,80.1,60.1
2010-06-24,71.0,62.0
2010-06-25,63.0,52.0
2010-06-26,71.0,52.0
2010-06-27,77.0,58.0
2010-06-28,82.0,63.0
2010-06-29,77.0,58.0
2010-06-30,80.1,58.0
2010-07-01,78.0,61.0
2010-07-02,85.0,63.0
2010-07-03,88.0,65.0
2010-07-04,83.0,67.0
2010-07-05,87.0,67.0
2010-07-06,89.0,70.1
2010-07-07,87.0,65.0
2010-07-08,89.0,71.0
2010-07-09,86.0,70.1
2010-07-10,87.0,67.0
2010-07-11,81.0,61.0
2010-07-12,78.0,60.1
2010-07-13,83.0,57.0
2010-07-14,92.0,63.0
2010-07-15,89.0,73.0
2010-07-16,95.0,73.0
2010-07-17,99.0,76.0
2010-07-18,93.0,76.0
2010-07-19,87.0,76.0
2010-07-20,83.0,65.0
2010-07-21,91.0,69.0
2010-07-22,87.0,74.0
2010-07-23,76.0,63.0
2010-07-24,81.0,60.1
2010-07-25,84.0,68.0
2010-07-26,83.0,69.0
2010-07-27,82.0,74.0
2010-07-28,82.0,67.0
2010-07-29,80.1,61.0
2010-07-30,73.0,61.0
2010-07-31,76.0,65.0
2010-08-01,72.0,63.0
2010-08-02,81.0,62.0
2010-08-03,78.0,61.0
2010-08-04,83.0,62.0
2010-08-05,84.0,66.0
2010-08-06,80.1,69.0
2010-08-07,88.0,68.0
2010-08-08,85.0,74.0
2010-08-09,87.0,69.0
2010-08-10,87.0,71.0
2010-08-11,85.0,52.0
2010-08-12,74.0,56.0
2010-08-13,78.0,58.0
2010-08-14,84.0,60.1
2010-08-15,84.0,70.1
2010-08-16,82.0,70.1
2010-08-17,79.0,62.0
2010-08-18,87.0,62.0
2010-08-19,83.0,65.0
2010-08-20,90.1,65.0
2010-08-21,95.0,71.0
2010-08-22,95.0,70.1
2010-08-23,99.0,73.0
2010-08-24,95.0,66.0
2010-08-25,72.0,59.0
2010-08-26,71.0,61.0
2010-08-27,75.0,62.0
2010-08-28,75.0,62.0
2010-08-29,85.0,62.0
2010-08-30,85.0,66.0
2010-08-31,87.0,67.0
2010-09-01,91.0,69.0
2010-09-02,93.0,81.0
2010-09-03,86.0,72.0
2010-09-04,76.0,55.0
2010-09-05,64.0,51.0
2010-09-06,74.0,49.0
2010-09-07,80.1,53.0
2010-09-08,85.0,67.0
2010-09-09,90.1,65.0
2010-09-10,83.0,66.0
2010-09-11,91.0,62.0
2010-09-12,86.0,59.0
2010-09-13,68.0,49.0
2010-09-14,62.0,47.0
2010-09-15,68.0,50.1
2010-09-16,69.0,53.0
2010-09-17,65.0,53.0
2010-09-18,65.0,47.0
2010-09-19,62.0,49.0
2010-09-20,66.0,55.0
2010-09-21,76.0,54.0
2010-09-22,78.0,65.0
2010-09-23,73.0,58.0
2010-09-24,74.0,57.0
2010-09-25,76.0,54.0
2010-09-26,72.0,54.0
2010-09-27,77.0,54.0
2010-09-28,71.0,58.0
2010-09-29,67.0,51.0
2010-09-30,66.0,51.0
2010-10-01,69.0,47.0
2010-10-02,71.0,53.0
2010-10-03,76.0,51.0
2010-10-04,81.0,55.0
2010-10-05,79.0,62.0
2010-10-06,76.0,56.0
2010-10-07,68.0,48.0
2010-10-08,51.0,42.0
2010-10-09,47.0,41.0
2010-10-10,56.0,37.0
2010-10-11,58.0,40.1
2010-10-12,57.0,42.0
2010-10-13,63.0,40.1
2010-10-14,64.0,42.0
2010-10-15,64.0,47.0
2010-10-16,65.0,49.0
2010-10-17,63.0,48.0
2010-10-18,65.0,46.0
2010-10-19,67.0,51.0
2010-10-20,62.0,51.0
2010-10-21,55.0,44.0
2010-10-22,44.0,33.0
2010-10-23,37.0,32.0
2010-10-24,40.1,31.0
2010-10-25,42.0,31.0
2010-10-26,45.0,33.0
2010-10-27,47.0,34.0
2010-10-28,49.0,36.0
2010-10-29,52.0,35.0
2010-10-30,48.0,36.0
2010-10-31,57.0,38.0
2010-11-01,56.0,39.0
2010-11-02,56.0,40.1
2010-11-03,59.0,42.0
2010-11-04,48.0,33.0
2010-11-05,43.0,32.0
2010-11-06,40.1,29.0
2010-11-07,41.0,29.0
2010-11-08,54.0,32.0
2010-11-09,55.0,36.0
2010-11-10,51.0,40.1
2010-11-11,44.0,32.0
2010-11-12,55.0,35.0
2010-11-13,45.0,33.0
2010-11-14,45.0,32.0
2010-11-15,44.0,32.0
2010-11-16,50.1,34.0
2010-11-17,41.0,36.0
2010-11-18,54.0,37.0
2010-11-19,54.0,36.0
2010-11-20,39.0,27.0
2010-11-21,33.0,22.0
2010-11-22,38.0,20.1
2010-11-23,34.0,24.0
2010-11-24,31.0,22.0
2010-11-25,35.0,23.0
2010-11-26,36.0,26.0
2010-11-27,38.0,23.0
2010-11-28,41.0,22.0
2010-11-29,47.0,19.0
2010-11-30,47.0,17.0
2010-12-01,40.1,25.0
2010-12-02,33.0,21.0
2010-12-03,44.0,21.0
2010-12-04,27.0,14.0
2010-12-05,18.0,9.0
2010-12-06,19.0,6.0
2010-12-07,23.0,5.0
2010-12-08,29.0,7.0
2010-12-09,30.1,19.0
2010-12-10,27.0,17.0
2010-12-11,30.1,14.0
2010-12-12,20.1,10.1
2010-12-13,20.1,6.0
2010-12-14,12.0,5.0
2010-12-15,16.0,1.0
2010-12-16,19.0,5.0
2010-12-17,30.1,7.0
2010-12-18,44.0,19.0
2010-12-19,34.0,12.0
2010-12-20,42.0,19.0
2010-12-21,37.0,20.1
2010-12-22,33.0,24.0
2010-12-23,26.0,17.0
2010-12-24,29.0,6.0
2010-12-25,24.0,4.0
2010-12-26,24.0,10.1
2010-12-27,31.0,10.1
2010-12-28,24.0,8.0
2010-12-29,15.0,-3.0
2010-12-30,10.1,-5.0
2010-12-31,25.0,0.1
2011-01-01,11.0,1.0
2011-01-02,1.0,-10.1
2011-01-03,-8.0,-17.0
2011-01-04,-10.1,-19.0
2011-01-05,-6.0,-17.0
2011-01-06,-2.0,-14.0
2011-01-07,-4.0,-15.0
2011-01-08,2.0,-14.0
2011-01-09,-5.0,-13.0
2011-01-10,-1.0,-16.0
2011-01-11,10.1,-14.0
2011-01-12,20.1,2.0
2011-01-13,14.0,2.0
2011-01-14,3.0,-9.0
2011-01-15,4.0,-9.0
2011-01-16,8.0,-5.0
2011-01-17,5.0,-9.0
2011-01-18,13.0,-2.0
2011-01-19,23.0,-1.0
2011-01-20,3.0,-5.0
2011-01-21,8.0,-5.0
2011-01-22,2.0,-8.0
2011-01-23,16.0,-5.0
2011-01-24,6.0,-2.0
2011-01-25,15.0,-2.0
2011-01-26,8.0,0.1
2011-01-27,20.1,-3.0
2011-01-28,4.0,-10.1
2011-01-29,6.0,-3.0
2011-01-30,6.0,-6.0
2011-01-31,11.0,-3.0
2011-02-01,16.0,0.1
2011-02-02,18.0,8.0
2011-02-03,18.0,5.0
2011-02-04,30.1,15.0
2011-02-05,27.0,11.0
2011-02-06,30.1,23.0
2011-02-07,25.0,20.1
2011-02-08,26.0,19.0
2011-02-09,34.0,17.0
2011-02-10,28.0,17.0
2011-02-11,31.0,18.0
2011-02-12,20.1,15.0
2011-02-13,18.0,12.0
2011-02-14,29.0,14.0
2011-02-15,31.0,18.0
2011-02-16,23.0,14.0
2011-02-17,17.0,14.0
2011-02-18,21.0,11.0
2011-02-19,21.0,9.0
2011-02-20,31.0,17.0
2011-02-21,26.0,20.1
2011-02-22,22.0,16.0
2011-02-23,19.0,14.0
2011-02-24,20.1,16.0
2011-02-25,16.0,8.0
2011-02-26,10.1,0.1
2011-02-27,7.0,-4.0
2011-02-28,10.1,-5.0
2011-03-01,13.0,-1.0
2011-03-02,14.0,1.0
2011-03-03,23.0,5.0
2011-03-04,24.0,10.1
2011-03-05,27.0,10.1
2011-03-06,26.0,13.0
2011-03-07,28.0,13.0
2011-03-08,31.0,17.0
2011-03-09,29.0,17.0
2011-03-10,41.0,21.0
2011-03-11,52.0,20.1
2011-03-12,29.0,19.0
2011-03-13,26.0,12.0
2011-03-14,25.0,9.0
2011-03-15,31.0,13.0
2011-03-16,39.0,19.0
2011-03-17,33.0,11.0
2011-03-18,32.0,13.0
2011-03-19,26.0,13.0
2011-03-20,20.1,6.0
2011-03-21,24.0,4.0
2011-03-22,24.0,8.0
2011-03-23,27.0,9.0
2011-03-24,31.0,15.0
2011-03-25,36.0,18.0
2011-03-26,37.0,24.0
2011-03-27,44.0,29.0
2011-03-28,44.0,31.0
2011-03-29,47.0,38.0
2011-03-30,49.0,34.0
2011-03-31,51.0,37.0
2011-04-01,52.0,37.0
2011-04-02,55.0,39.0
2011-04-03,55.0,39.0
2011-04-04,50.1,25.0
2011-04-05,31.0,21.0
2011-04-06,44.0,23.0
2011-04-07,51.0,33.0
2011-04-08,56.0,38.0
2011-04-09,66.0,39.0
2011-04-10,69.0,56.0
2011-04-11,67.0,48.0
2011-04-12,71.0,54.0
2011-04-13,75.0,52.0
2011-04-14,77.0,53.0
2011-04-15,79.0,54.0
2011-04-16,80.1,58.0
2011-04-17,75.0,56.0
2011-04-18,71.0,54.0
2011-04-19,69.0,53.0
2011-04-20,72.0,53.0
2011-04-21,72.0,56.0
2011-04-22,75.0,53.0
2011-04-23,81.0,56.0
2011-04-24,78.0,58.0
2011-04-25,83.0,59.0
2011-04-26,78.0,64.0
2011-04-27,76.0,56.0
2011-04-28,71.0,45.0
2011-04-29,59.0,38.0
2011-04-30,63.0,50.1
2011-05-01,64.0,48.0
2011-05-02,65.0,47.0
2011-05-03,69.0,50.1
2011-05-04,75.0,53.0
2011-05-05,72.0,57.0
2011-05-06,68.0,60.1
2011-05-07,65.0,42.0
2011-05-08,57.0,48.0
2011-05-09,58.0,40.1
2011-05-10,60.1,48.0
2011-05-11,68.0,46.0
2011-05-12,72.0,53.0
2011-05-13,74.0,60.1
2011-05-14,80.1,58.0
2011-05-15,88.0,64.0
2011-05-16,88.0,65.0
2011-05-17,83.0,53.0
2011-05-18,69.0,53.0
2011-05-19,67.0,52.0
2011-05-20,73.0,53.0
2011-05-21,71.0,54.0
2011-05-22,68.0,54.0
2011-05-23,68.0,49.0
2011-05-24,74.0,53.0
2011-05-25,81.0,56.0
2011-05-26,81.0,63.0
2011-05-27,78.0,58.0
2011-05-28,73.0,53.0
2011-05-29,81.0,57.0
2011-05-30,87.0,60.1
2011-05-31,84.0,68.0
2011-06-01,80.1,61.0
2011-06-02,71.0,60.1
2011-06-03,79.0,62.0
2011-06-04,89.0,63.0
2011-06-05,85.0,65.0
2011-06-06,81.0,62.0
2011-06-07,82.0,67.0
2011-06-08,84.0,67.0
2011-06-09,84.0,67.0
2011-06-10,83.0,69.0
2011-06-11,87.0,68.0
2011-06-12,91.0,70.1
2011-06-13,89.0,71.0
2011-06-14,78.0,66.0
2011-06-15,79.0,66.0
2011-06-16,84.0,69.0
2011-06-17,82.0,64.0
2011-06-18,79.0,67.0
2011-06-19,73.0,62.0
2011-06-20,80.1,65.0
2011-06-21,90.1,65.0
2011-06-22,80.1,62.0
2011-06-23,86.0,66.0
2011-06-24,86.0,64.0
2011-06-25,92.0,69.0
2011-06-26,94.0,72.0
2011-06-27,84.0,64.0
2011-06-28,83.0,65.0
2011-06-29,82.0,65.0
2011-06-30,78.0,62.0
2011-07-01,81.0,65.0
2011-07-02,77.0,58.0
2011-07-03,75.0,55.0
2011-07-04,80.1,60.1
2011-07-05,80.1,63.0
2011-07-06,82.0,64.0
2011-07-07,85.0,67.0
2011-07-08,85.0,70.1
2011-07-09,84.0,67.0
2011-07-10,85.0,68.0
2011-07-11,90.1,69.0
2011-07-12,96.0,71.0
2011-07-13,101.0,75.0
2011-07-14,99.0,78.0
2011-07-15,85.0,65.0
2011-07-16,72.0,66.0
2011-07-17,81.0,62.0
2011-07-18,88.0,65.0
2011-07-19,93.0,71.0
2011-07-20,90.1,74.0
2011-07-21,82.0,61.0
2011-07-22,86.0,66.0
2011-07-23,92.0,70.1
2011-07-24,92.0,78.0
2011-07-25,90.1,74.0
2011-07-26,86.0,75.0
2011-07-27,80.1,60.1
2011-07-28,89.0,65.0
2011-07-29,90.1,66.0
2011-07-30,93.0,72.0
2011-07-31,90.1,74.0
2011-08-01,87.0,75.0
2011-08-02,89.0,71.0
2011-08-03,93.0,73.0
2011-08-04,90.1,70.1
2011-08-05,93.0,72.0
2011-08-06,89.0,67.0
2011-08-07,93.0,71.0
2011-08-08,89.0,74.0
2011-08-09,76.0,61.0
2011-08-10,78.0,60.1
2011-08-11,76.0,62.0
2011-08-12,78.0,61.0
2011-08-13,79.0,64.0
2011-08-14,79.0,63.0
2011-08-15,88.0,67.0
2011-08-16,92.0,67.0
2011-08-17,93.0,75.0
2011-08-18,91.0,78.0
2011-08-19,93.0,70.1
2011-08-20,94.0,71.0
2011-08-21,89.0,72.0
2011-08-22,75.0,59.0
2011-08-23,84.0,61.0
2011-08-24,90.1,67.0
2011-08-25,95.0,69.0
2011-08-26,90.1,67.0
2011-08-27,77.0,55.0
2011-08-28,60.1,54.0
2011-08-29,62.0,55.0
2011-08-30,67.0,52.0
2011-08-31,67.0,53.0
2011-09-01,68.0,56.0
2011-09-02,75.0,56.0
2011-09-03,79.0,59.0
2011-09-04,81.0,62.0
2011-09-05,81.0,65.0
2011-09-06,81.0,63.0
2011-09-07,80.1,62.0
2011-09-08,80.1,61.0
2011-09-09,82.0,63.0
2011-09-10,83.0,66.0
2011-09-11,77.0,62.0
2011-09-12,74.0,58.0
2011-09-13,72.0,56.0
2011-09-14,73.0,55.0
2011-09-15,74.0,54.0
2011-09-16,75.0,53.0
2011-09-17,71.0,60.1
2011-09-18,70.1,54.0
2011-09-19,73.0,54.0
2011-09-20,75.0,54.0
2011-09-21,80.1,57.0
2011-09-22,74.0,55.0
2011-09-23,69.0,50.1
2011-09-24,73.0,53.0
2011-09-25,68.0,55.0
2011-09-26,62.0,48.0
2011-09-27,64.0,45.0
2011-09-28,68.0,45.0
2011-09-29,73.0,49.0
2011-09-30,66.0,52.0
2011-10-01,69.0,49.0
2011-10-02,74.0,48.0
2011-10-03,75.0,54.0
2011-10-04,74.0,63.0
2011-10-05,81.0,62.0
2011-10-06,71.0,53.0
2011-10-07,62.0,52.0
2011-10-08,63.0,49.0
2011-10-09,58.0,42.0
2011-10-10,52.0,39.0
2011-10-11,49.0,40.1
2011-10-12,59.0,40.1
2011-10-13,58.0,40.1
2011-10-14,62.0,41.0
2011-10-15,60.1,43.0
2011-10-16,65.0,43.0
2011-10-17,69.0,48.0
2011-10-18,71.0,50.1
2011-10-19,62.0,49.0
2011-10-20,57.0,42.0
2011-10-21,48.0,40.1
2011-10-22,47.0,36.0
2011-10-23,47.0,33.0
2011-10-24,50.1,36.0
2011-10-25,51.0,34.0
2011-10-26,54.0,35.0
2011-10-27,60.1,40.1
2011-10-28,57.0,39.0
2011-10-29,45.0,36.0
2011-10-30,38.0,30.1
2011-10-31,38.0,26.0
2011-11-01,35.0,26.0
2011-11-02,38.0,28.0
2011-11-03,41.0,29.0
2011-11-04,38.0,30.1
2011-11-05,40.1,31.0
2011-11-06,46.0,31.0
2011-11-07,53.0,36.0
2011-11-08,54.0,38.0
2011-11-09,40.1,30.1
2011-11-10,31.0,26.0
2011-11-11,36.0,24.0
2011-11-12,41.0,25.0
2011-11-13,46.0,26.0
2011-11-14,47.0,31.0
2011-11-15,37.0,30.1
2011-11-16,31.0,26.0
2011-11-17,29.0,24.0
2011-11-18,29.0,20.1
2011-11-19,32.0,23.0
2011-11-20,40.1,24.0
2011-11-21,35.0,27.0
2011-11-22,32.0,26.0
2011-11-23,35.0,29.0
2011-11-24,31.0,28.0
2011-11-25,34.0,30.1
2011-11-26,34.0,30.1
2011-11-27,33.0,29.0
2011-11-28,35.0,28.0
2011-11-29,35.0,31.0
2011-11-30,35.0,31.0
2011-12-01,31.0,29.0
2011-12-02,31.0,28.0
2011-12-03,33.0,29.0
2011-12-04,32.0,26.0
2011-12-05,27.0,24.0
2011-12-06,25.0,22.0
2011-12-07,22.0,18.0
2011-12-08,19.0,15.0
2011-12-09,16.0,11.0
2011-12-10,25.0,10.1
2011-12-11,24.0,13.0
2011-12-12,26.0,12.0
2011-12-13,27.0,12.0
2011-12-14,29.0,16.0
2011-12-15,22.0,10.1
2011-12-16,25.0,18.0
2011-12-17,19.0,13.0
2011-12-18,18.0,9.0
2011-12-19,13.0,6.0
2011-12-20,13.0,8.0
2011-12-21,9.0,1.0
2011-12-22,15.0,-2.0
2011-12-23,11.0,-1.0
2011-12-24,5.0,-5.0
2011-12-25,13.0,-3.0
2011-12-26,16.0,2.0
2011-12-27,19.0,3.0
2011-12-28,25.0,4.0
2011-12-29,26.0,10.1
2011-12-30,26.0,7.0
2011-12-31,22.0,10.1
2012-01-01,26.0,10.1
2012-01-02,12.0,5.0
2012-01-03,10.1,2.0
2012-01-04,14.0,4.0
2012-01-05,19.0,4.0
2012-01-06,24.0,7.0
2012-01-07,24.0,7.0
2012-01-08,16.0,4.0
2012-01-09,17.0,5.0
2012-01-10,11.0,4.0
2012-01-11,15.0,4.0
2012-01-12,22.0,10.1
2012-01-13,19.0,5.0
2012-01-14,18.0,0.1
2012-01-15,14.0,4.0
2012-01-16,33.0,6.0
2012-01-17,23.0,14.0
2012-01-18,17.0,7.0
2012-01-19,8.0,-5.0
2012-01-20,-4.0,-9.0
2012-01-21,-6.0,-11.0
2012-01-22,1.0,-10.1
2012-01-23,3.0,-10.1
2012-01-24,10.1,-5.0
2012-01-25,9.0,-8.0
2012-01-26,4.0,-7.0
2012-01-27,4.0,-9.0
2012-01-28,5.0,-12.0
2012-01-29,4.0,-14.0
2012-01-30,14.0,-12.0
2012-01-31,12.0,-4.0
2012-02-01,11.0,1.0
2012-02-02,18.0,-3.0
2012-02-03,15.0,3.0
2012-02-04,18.0,3.0
2012-02-05,17.0,11.0
2012-02-06,13.0,4.0
2012-02-07,11.0,3.0
2012-02-08,8.0,-3.0
2012-02-09,4.0,-5.0
2012-02-10,14.0,-3.0
2012-02-11,21.0,3.0
2012-02-12,14.0,3.0
2012-02-13,13.0,4.0
2012-02-14,14.0,0.1
2012-02-15,8.0,0.1
2012-02-16,11.0,-1.0
2012-02-17,20.1,2.0
2012-02-18,23.0,2.0
2012-02-19,27.0,11.0
2012-02-20,26.0,9.0
2012-02-21,28.0,15.0
2012-02-22,23.0,19.0
2012-02-23,23.0,16.0
2012-02-24,21.0,11.0
2012-02-25,16.0,5.0
2012-02-26,27.0,5.0
2012-02-27,15.0,8.0
2012-02-28,25.0,6.0
2012-02-29,23.0,11.0
2012-03-01,22.0,7.0
2012-03-02,28.0,15.0
2012-03-03,26.0,13.0
2012-03-04,29.0,10.1
2012-03-05,29.0,10.1
2012-03-06,30.1,20.1
2012-03-07,31.0,20.1
2012-03-08,34.0,21.0
2012-03-09,36.0,22.0
2012-03-10,33.0,24.0
2012-03-11,30.1,24.0
2012-03-12,38.0,24.0
2012-03-13,35.0,27.0
2012-03-14,34.0,27.0
2012-03-15,38.0,26.0
2012-03-16,40.1,28.0
2012-03-17,47.0,32.0
2012-03-18,50.1,32.0
2012-03-19,54.0,32.0
2012-03-20,32.0,24.0
2012-03-21,38.0,22.0
2012-03-22,47.0,28.0
2012-03-23,52.0,34.0
2012-03-24,54.0,35.0
2012-03-25,54.0,38.0
2012-03-26,54.0,37.0
2012-03-27,51.0,39.0
2012-03-28,53.0,35.0
2012-03-29,55.0,35.0
2012-03-30,59.0,44.0
2012-03-31,57.0,40.1
2012-04-01,58.0,44.0
2012-04-02,60.1,46.0
2012-04-03,64.0,45.0
2012-04-04,60.1,44.0
2012-04-05,65.0,44.0
2012-04-06,69.0,49.0
2012-04-07,66.0,48.0
2012-04-08,72.0,51.0
2012-04-09,67.0,44.0
2012-04-10,59.0,41.0
2012-04-11,68.0,46.0
2012-04-12,66.0,46.0
2012-04-13,67.0,49.0
2012-04-14,70.1,54.0
2012-04-15,71.0,52.0
2012-04-16,72.0,53.0
2012-04-17,70.1,55.0
2012-04-18,66.0,50.1
2012-04-19,72.0,50.1
2012-04-20,77.0,53.0
2012-04-21,79.0,55.0
2012-04-22,74.0,47.0
2012-04-23,51.0,38.0
2012-04-24,62.0,38.0
2012-04-25,67.0,45.0
2012-04-26,76.0,52.0
2012-04-27,74.0,56.0
2012-04-28,76.0,57.0
2012-04-29,73.0,56.0
2012-04-30,67.0,48.0
2012-05-01,72.0,50.1
2012-05-02,78.0,55.0
2012-05-03,75.0,58.0
2012-05-04,72.0,59.0
2012-05-05,77.0,53.0
2012-05-06,82.0,58.0
2012-05-07,80.1,54.0
2012-05-08,70.1,54.0
2012-05-09,71.0,58.0
2012-05-10,69.0,43.0
2012-05-11,69.0,43.0
2012-05-12,74.0,49.0
2012-05-13,77.0,55.0
2012-05-14,84.0,56.0
2012-05-15,86.0,62.0
2012-05-16,82.0,64.0
2012-05-17,77.0,57.0
2012-05-18,81.0,60.1
2012-05-19,78.0,64.0
2012-05-20,65.0,41.0
2012-05-21,64.0,43.0
2012-05-22,72.0,52.0
2012-05-23,74.0,59.0
2012-05-24,81.0,58.0
2012-05-25,82.0,64.0
2012-05-26,85.0,63.0
2012-05-27,70.1,56.0
2012-05-28,78.0,56.0
2012-05-29,82.0,58.0
2012-05-30,87.0,68.0
2012-05-31,84.0,71.0
2012-06-01,83.0,68.0
2012-06-02,80.1,68.0
2012-06-03,77.0,62.0
2012-06-04,78.0,62.0
2012-06-05,76.0,60.1
2012-06-06,80.1,61.0
2012-06-07,84.0,65.0
2012-06-08,83.0,61.0
2012-06-09,85.0,67.0
2012-06-10,85.0,68.0
2012-06-11,78.0,68.0
2012-06-12,78.0,62.0
2012-06-13,83.0,67.0
2012-06-14,81.0,68.0
2012-06-15,84.0,66.0
2012-06-16,89.0,69.0
2012-06-17,81.0,68.0
2012-06-18,80.1,59.0
2012-06-19,87.0,66.0
2012-06-20,86.0,72.0
2012-06-21,83.0,66.0
2012-06-22,82.0,62.0
2012-06-23,89.0,67.0
2012-06-24,86.0,72.0
2012-06-25,80.1,69.0
2012-06-26,85.0,67.0
2012-06-27,91.0,72.0
2012-06-28,97.0,74.0
2012-06-29,92.0,74.0
2012-06-30,81.0,73.0
2012-07-01,87.0,65.0
2012-07-02,91.0,72.0
2012-07-03,85.0,64.0
2012-07-04,76.0,63.0
2012-07-05,81.0,63.0
2012-07-06,79.0,67.0
2012-07-07,78.0,60.1
2012-07-08,85.0,66.0
2012-07-09,90.1,70.1
2012-07-10,90.1,72.0
2012-07-11,89.0,73.0
2012-07-12,85.0,67.0
2012-07-13,75.0,60.1
2012-07-14,77.0,59.0
2012-07-15,80.1,63.0
2012-07-16,83.0,66.0
2012-07-17,81.0,69.0
2012-07-18,87.0,72.0
2012-07-19,87.0,69.0
2012-07-20,90.1,72.0
2012-07-21,89.0,75.0
2012-07-22,89.0,70.1
2012-07-23,92.0,77.0
2012-07-24,89.0,74.0
2012-07-25,89.0,72.0
2012-07-26,91.0,76.0
2012-07-27,92.0,76.0
2012-07-28,89.0,64.0
2012-07-29,81.0,68.0
2012-07-30,87.0,69.0
2012-07-31,91.0,71.0
2012-08-01,91.0,73.0
2012-08-02,86.0,71.0
2012-08-03,80.1,62.0
2012-08-04,77.0,61.0
2012-08-05,80.1,62.0
2012-08-06,84.0,65.0
2012-08-07,90.1,68.0
2012-08-08,90.1,71.0
2012-08-09,85.0,71.0
2012-08-10,91.0,69.0
2012-08-11,89.0,64.0
2012-08-12,79.0,60.1
2012-08-13,83.0,62.0
2012-08-14,86.0,65.0
2012-08-15,90.1,71.0
2012-08-16,87.0,68.0
2012-08-17,88.0,68.0
2012-08-18,85.0,68.0
2012-08-19,81.0,65.0
2012-08-20,85.0,63.0
2012-08-21,91.0,65.0
2012-08-22,97.0,69.0
2012-08-23,92.0,77.0
2012-08-24,94.0,72.0
2012-08-25,91.0,63.0
2012-08-26,83.0,64.0
2012-08-27,84.0,68.0
2012-08-28,85.0,64.0
2012-08-29,81.0,61.0
2012-08-30,71.0,56.0
2012-08-31,71.0,56.0
2012-09-01,81.0,54.0
2012-09-02,86.0,67.0
2012-09-03,87.0,64.0
2012-09-04,89.0,68.0
2012-09-05,83.0,65.0
2012-09-06,74.0,63.0
2012-09-07,83.0,58.0
2012-09-08,79.0,62.0
2012-09-09,72.0,54.0
2012-09-10,76.0,55.0
2012-09-11,82.0,57.0
2012-09-12,79.0,67.0
2012-09-13,79.0,61.0
2012-09-14,77.0,61.0
2012-09-15,72.0,56.0
2012-09-16,70.1,54.0
2012-09-17,74.0,56.0
2012-09-18,78.0,57.0
2012-09-19,72.0,61.0
2012-09-20,76.0,58.0
2012-09-21,76.0,55.0
2012-09-22,65.0,44.0
2012-09-23,56.0,43.0
2012-09-24,58.0,45.0
2012-09-25,59.0,43.0
2012-09-26,66.0,45.0
2012-09-27,69.0,50.1
2012-09-28,74.0,53.0
2012-09-29,77.0,57.0
2012-09-30,74.0,54.0
2012-10-01,69.0,48.0
2012-10-02,55.0,46.0
2012-10-03,63.0,44.0
2012-10-04,69.0,45.0
2012-10-05,70.1,47.0
2012-10-06,61.0,47.0
2012-10-07,55.0,39.0
2012-10-08,61.0,42.0
2012-10-09,61.0,43.0
2012-10-10,61.0,42.0
2012-10-11,63.0,46.0
2012-10-12,65.0,47.0
2012-10-13,62.0,46.0
2012-10-14,57.0,44.0
2012-10-15,51.0,31.0
2012-10-16,54.0,36.0
2012-10-17,56.0,37.0
2012-10-18,54.0,40.1
2012-10-19,49.0,35.0
2012-10-20,47.0,35.0
2012-10-21,57.0,34.0
2012-10-22,58.0,38.0
2012-10-23,62.0,41.0
2012-10-24,64.0,44.0
2012-10-25,55.0,40.1
2012-10-26,48.0,34.0
2012-10-27,50.1,31.0
2012-10-28,54.0,42.0
2012-10-29,53.0,37.0
2012-10-30,51.0,36.0
2012-10-31,56.0,37.0
2012-11-01,55.0,39.0
2012-11-02,47.0,26.0
2012-11-03,39.0,26.0
2012-11-04,40.1,27.0
2012-11-05,43.0,30.1
2012-11-06,47.0,27.0
2012-11-07,49.0,30.1
2012-11-08,34.0,21.0
2012-11-09,26.0,14.0
2012-11-10,21.0,10.1
2012-11-11,35.0,18.0
2012-11-12,25.0,19.0
2012-11-13,33.0,20.1
2012-11-14,33.0,23.0
2012-11-15,39.0,18.0
2012-11-16,33.0,19.0
2012-11-17,35.0,24.0
2012-11-18,36.0,23.0
2012-11-19,29.0,20.1
2012-11-20,28.0,23.0
2012-11-21,24.0,16.0
2012-11-22,28.0,8.0
2012-11-23,18.0,4.0
2012-11-24,26.0,11.0
2012-11-25,35.0,17.0
2012-11-26,38.0,10.1
2012-11-27,26.0,12.0
2012-11-28,18.0,7.0
2012-11-29,16.0,4.0
2012-11-30,31.0,13.0
2012-12-01,23.0,15.0
2012-12-02,25.0,9.0
2012-12-03,25.0,6.0
2012-12-04,34.0,16.0
2012-12-05,36.0,8.0
2012-12-06,31.0,17.0
2012-12-07,19.0,6.0
2012-12-08,25.0,10.1
2012-12-09,34.0,10.1
2012-12-10,38.0,12.0
2012-12-11,31.0,7.0
2012-12-12,19.0,12.0
2012-12-13,15.0,11.0
2012-12-14,11.0,2.0
2012-12-15,6.0,-1.0
2012-12-16,8.0,-5.0
2012-12-17,12.0,1.0
2012-12-18,5.0,-7.0
2012-12-19,1.0,-3.0
2012-12-20,3.0,-5.0
2012-12-21,5.0,-10.1
2012-12-22,-2.0,-20.1
2012-12-23,-1.0,-16.0
2012-12-24,23.0,-3.0
2012-12-25,29.0,0.1
2012-12-26,30.1,-1.0
2012-12-27,15.0,4.0
2012-12-28,15.0,1.0
2012-12-29,6.0,-10.1
2012-12-30,17.0,-4.0
2012-12-31,25.0,-1.0
2013-01-01,13.0,-5.0
