date,tmin
2013-01-01,24.83844471864072
2013-01-02,21.19494430838061
2013-01-03,21.906171118576044
2013-01-04,16.967750893105034
2013-01-05,19.177050237608906
2013-01-06,23.086592829471225
2013-01-07,24.237626436123485
2013-01-08,29.484729166384266
2013-01-09,25.960073975419636
2013-01-10,28.18548995092584
2013-01-11,20.329776520898985
2013-01-12,23.58704266655485
2013-01-13,24.360266623842346
2013-01-14,25.27828188806869
2013-01-15,24.781863551194267
2013-01-16,29.960034385188152
2013-01-17,32.66655722429733
2013-01-18,32.281244496178694
2013-01-19,32.95014226922951
2013-01-20,25.949234192618192
2013-01-21,18.555848872907365
2013-01-22,14.821385882482096
2013-01-23,14.673924816551436
2013-01-24,18.93028100822768
2013-01-25,16.900547060218887
2013-01-26,26.13916426675935
2013-01-27,26.194618950852927
2013-01-28,28.50229010197988
2013-01-29,
2013-01-30,
2013-01-31,
2013-02-01,21.783680081720252
2013-02-02,14.213637716063992
2013-02-03,20.582706681103502
2013-02-04,27.336071032247077
2013-02-05,32.40103145428681
2013-02-06,27.290996505879328
2013-02-07,16.019395512763147
2013-02-08,18.164240897283328
2013-02-09,21.05093461752827
2013-02-10,24.710881783777804
2013-02-11,23.503093743328403
2013-02-12,28.589382006576447
2013-02-13,25.37440954440505
2013-02-14,28.62969326732204
2013-02-15,30.108086287226076
2013-02-16,28.62321470434243
2013-02-17,20.398362169625315
2013-02-18,19.602625689911648
2013-02-19,26.125507028524908
2013-02-20,35.48382290965842
2013-02-21,38.483703151100016
2013-02-22,44.87032989016777
2013-02-23,31.15694078833743
2013-02-24,25.600977378690487
2013-02-25,31.874244917859702
2013-02-26,25.95817887446178
2013-02-27,28.933949819797363
2013-02-28,31.982335797278925
2013-02-29,
2013-02-30,
2013-02-31,
2013-03-01,37.47374370251988
2013-03-02,30.83669608826928
2013-03-03,31.604272319225913
2013-03-04,31.781556843235048
2013-03-05,32.103142363725425
2013-03-06,30.39602372897261
2013-03-07,30.99829556813351
2013-03-08,35.14716453771223
2013-03-09,31.92004625119278
2013-03-10,35.1826391792457
2013-03-11,25.92461910891634
2013-03-12,23.78322626062041
2013-03-13,38.749075553025094
2013-03-14,43.6153531575084
2013-03-15,42.22239849167449
2013-03-16,39.06272245054719
2013-03-17,39.045981427127906
2013-03-18,27.04475493855152
2013-03-19,29.101446052741252
2013-03-20,36.09205577864018
2013-03-21,38.128569303525545
2013-03-22,40.002394238084
2013-03-23,38.06420145569844
2013-03-24,33.15811384832498
2013-03-25,41.427898456059324
2013-03-26,42.08795499852972
2013-03-27,51.900273790658815
2013-03-28,46.44678671806211
2013-03-29,
2013-03-30,
2013-03-31,
2013-04-01,46.081933733512315
2013-04-02,33.292807114540665
2013-04-03,32.69306090871249
2013-04-04,53.01982194600147
2013-04-05,50.91420240048409
2013-04-06,49.49910272613623
2013-04-07,55.73859411754259
2013-04-08,65.01799859720586
2013-04-09,68.83390934203628
2013-04-10,56.173749760118895
2013-04-11,46.300019250424576
2013-04-12,45.49157166760554
2013-04-13,48.68408281975254
2013-04-14,57.21927170003704
2013-04-15,61.53002452712413
2013-04-16,52.309601369536686
2013-04-17,57.31169048859096
2013-04-18,60.94086343205868
2013-04-19,61.36238057793643
2013-04-20,60.155759608906145
2013-04-21,55.529171443600426
2013-04-22,51.95526952435331
2013-04-23,65.12877935311997
2013-04-24,54.45281140439618
2013-04-25,52.09308384534565
2013-04-26,47.74573309874158
2013-04-27,67.00148129630095
2013-04-28,59.73850491214746
2013-04-29,
2013-04-30,
2013-04-31,
2013-05-01,58.093254186146936
2013-05-02,62.64630142998007
2013-05-03,66.09666490823237
2013-05-04,64.36365315048867
2013-05-05,66.54124100488036
2013-05-06,60.01753331737115
2013-05-07,87.1728205024094
2013-05-08,66.02173028554786
2013-05-09,60.54542979854808
2013-05-10,73.54949803381255
2013-05-11,68.66209725424798
2013-05-12,62.28830028097454
2013-05-13,55.81589075823208
2013-05-14,65.38706262526439
2013-05-15,60.740763669566356
2013-05-16,62.380375321635256
2013-05-17,61.316402587260676
2013-05-18,71.3359155215889
2013-05-19,71.20432748785856
2013-05-20,70.01896641079398
2013-05-21,64.50321833465546
2013-05-22,63.20430229620807
2013-05-23,64.86572773996541
2013-05-24,59.559024410047435
2013-05-25,58.98984611199396
2013-05-26,70.74914729703194
2013-05-27,69.4799266237505
2013-05-28,76.01083861169295
2013-05-29,
2013-05-30,
2013-05-31,
2013-06-01,75.02942107756691
2013-06-02,73.07777202363235
2013-06-03,75.35252375427994
2013-06-04,72.83767038279764
2013-06-05,74.53243600248351
2013-06-06,76.64675860774541
2013-06-07,65.6926825589804
2013-06-08,70.98973603964774
2013-06-09,66.38486357356685
2013-06-10,67.07935843869592
2013-06-11,59.522819438037736
2013-06-12,75.56998839067364
2013-06-13,77.87484452993905
2013-06-14,63.70953788060989
2013-06-15,65.16195139952875
2013-06-16,67.24301014254543
2013-06-17,76.3197720200957
2013-06-18,73.5934840642903
2013-06-19,74.72137987854977
2013-06-20,75.74735398702562
2013-06-21,77.07398741787621
2013-06-22,73.7726946637638
2013-06-23,80.28399244735006
2013-06-24,73.9722316857529
2013-06-25,77.20440760660485
2013-06-26,79.44851929491101
2013-06-27,68.97485483978078
2013-06-28,78.18258044695509
2013-06-29,
2013-06-30,
2013-06-31,
2013-07-01,76.47723026924079
2013-07-02,72.21019756176733
2013-07-03,79.11435489495274
2013-07-04,70.70034242971428
2013-07-05,68.17170696237308
2013-07-06,67.58845518200947
2013-07-07,71.28939109270453
2013-07-08,74.0048275035224
2013-07-09,79.50166703484079
2013-07-10,79.29765483461962
2013-07-11,71.37507196931763
2013-07-12,84.06343438905026
2013-07-13,72.91644242272994
2013-07-14,69.34918651238412
2013-07-15,68.78764832833974
2013-07-16,68.6478920224181
2013-07-17,73.63600038171835
2013-07-18,73.06404851782224
2013-07-19,73.09666721784517
2013-07-20,79.60469623693294
2013-07-21,84.53307173546027
2013-07-22,71.12160915399791
2013-07-23,68.97751668903425
2013-07-24,76.67997209587664
2013-07-25,81.57324660790954
2013-07-26,84.73774913461097
2013-07-27,74.77075567530613
2013-07-28,83.49936789988458
2013-07-29,
2013-07-30,
2013-07-31,
2013-08-01,68.28779959511348
2013-08-02,68.15285594614744
2013-08-03,74.12915133164717
2013-08-04,71.80904183081392
2013-08-05,73.61815846139307
2013-08-06,75.83755894831796
2013-08-07,79.76799693974004
2013-08-08,75.9966622980027
2013-08-09,80.77737812856806
2013-08-10,78.66259787911589
2013-08-11,74.73841233104264
2013-08-12,79.05297958070014
2013-08-13,67.96213184144567
2013-08-14,62.469644447774925
2013-08-15,65.72146298128855
2013-08-16,65.13849437694796
2013-08-17,71.40426928979116
2013-08-18,75.01685012505823
2013-08-19,70.99811611067769
2013-08-20,75.27839900995568
2013-08-21,68.43906712019897
2013-08-22,57.57798082311665
2013-08-23,58.881909223999045
2013-08-24,60.438892427372345
2013-08-25,67.04021437678554
2013-08-26,69.10617783784949
2013-08-27,70.95354570176136
2013-08-28,68.95702078298024
2013-08-29,
2013-08-30,
2013-08-31,
2013-09-01,73.4876875755818
2013-09-02,70.96982896896228
2013-09-03,65.78616684045464
2013-09-04,59.96137369627672
2013-09-05,58.762306096930374
2013-09-06,68.45647995867644
2013-09-07,66.01933984416516
2013-09-08,66.00144233176164
2013-09-09,62.047934031004374
2013-09-10,69.2251523018009
2013-09-11,65.1592640568644
2013-09-12,67.3355920296564
2013-09-13,57.980706823470534
2013-09-14,61.449706875544045
2013-09-15,56.35686934221526
2013-09-16,58.36751263271907
2013-09-17,56.7132213907204
2013-09-18,58.70426411838636
2013-09-19,62.9763128680624
2013-09-20,58.61309112508968
2013-09-21,65.04053117328749
2013-09-22,65.29734252133109
2013-09-23,70.19413720201192
2013-09-24,61.59087591526362
2013-09-25,65.83257905283935
2013-09-26,63.87547489032609
2013-09-27,56.90365740651352
2013-09-28,52.79237603311656
2013-09-29,
2013-09-30,
2013-09-31,
2013-10-01,54.88991289843072
2013-10-02,57.93516124732418
2013-10-03,68.89036378109043
2013-10-04,57.02767937003425
2013-10-05,58.588343324655284
2013-10-06,55.19514106499137
2013-10-07,57.35957900098162
2013-10-08,61.99922570177701
2013-10-09,64.12185136618892
2013-10-10,56.35483305146085
2013-10-11,49.915942140988854
2013-10-12,71.05702020534525
2013-10-13,61.98782962107951
2013-10-14,57.17784264841491
2013-10-15,58.95366924574892
2013-10-16,51.05412415499397
2013-10-17,45.19382327819053
2013-10-18,52.025067018854386
2013-10-19,60.01221028550586
2013-10-20,57.79186282222439
2013-10-21,54.57934083328816
2013-10-22,50.03113414235098
2013-10-23,45.284545935067996
2013-10-24,56.842602631675746
2013-10-25,56.954052673124075
2013-10-26,55.59721201908001
2013-10-27,53.95394476615152
2013-10-28,55.3354426733706
2013-10-29,
2013-10-30,
2013-10-31,
2013-11-01,44.477747177494926
2013-11-02,50.35883475359528
2013-11-03,45.4608449271113
2013-11-04,33.021603759756786
2013-11-05,36.86224051147879
2013-11-06,36.25980143997639
2013-11-07,49.84536659002226
2013-11-08,47.000321366019534
2013-11-09,44.98652254005969
2013-11-10,47.61661643184775
2013-11-11,36.04131722500383
2013-11-12,35.15458295539104
2013-11-13,35.99624189331274
2013-11-14,31.737316175757496
2013-11-15,31.526888740769852
2013-11-16,39.10601150343092
2013-11-17,33.869248084069916
2013-11-18,41.99047069839267
2013-11-19,39.998010190083015
2013-11-20,37.891128897646944
2013-11-21,43.657675572935325
2013-11-22,43.47421543936088
2013-11-23,30.19897188769949
2013-11-24,29.90853733476728
2013-11-25,39.03044337277597
2013-11-26,32.25747823112255
2013-11-27,35.87212794460561
2013-11-28,38.94279442660487
2013-11-29,
2013-11-30,
2013-11-31,
2013-12-01,26.19469619704143
2013-12-02,36.44134171493504
2013-12-03,32.35474484271847
2013-12-04,27.00993797345744
2013-12-05,29.23794485181551
2013-12-06,22.114480634413166
2013-12-07,25.14707716474554
2013-12-08,21.99991739792957
2013-12-09,17.516006642260393
2013-12-10,23.10007731997907
2013-12-11,20.983463588996514
2013-12-12,26.659119343473023
2013-12-13,31.997999932642088
2013-12-14,32.190561610365165
2013-12-15,35.670308428469184
2013-12-16,35.01080406895183
2013-12-17,27.095026822518395
2013-12-18,20.97256518866287
2013-12-19,21.99937464126068
2013-12-20,27.332550043993702
2013-12-21,28.265258346135532
2013-12-22,22.153828486010973
2013-12-23,11.900189070107373
2013-12-24,10.978511268875213
2013-12-25,15.007259532292805
2013-12-26,14.919581371073155
2013-12-27,21.97842997840771
2013-12-28,30.31466961144609
2013-12-29,
2013-12-30,
2013-12-31,
2014-01-01,24.74429738694098
2014-01-02,22.171098370568952
2014-01-03,22.096152289810924
2014-01-04,16.968753491570144
2014-01-05,19.100059043821183
2014-01-06,22.85433482237255
2014-01-07,22.99456789236989
2014-01-08,29.484790340500172
2014-01-09,24.892248172268328
2014-01-10,29.298409043986048
2014-01-11,20.340777548788346
2014-01-12,25.09712900672736
2014-01-13,24.359416076441704
2014-01-14,25.090641646919075
2014-01-15,24.60474544181384
2014-01-16,29.40983916804909
2014-01-17,32.56311009057893
2014-01-18,32.2869977634575
2014-01-19,32.95097162611185
2014-01-20,25.375086656381594
2014-01-21,18.543306477287565
2014-01-22,15.294223646042946
2014-01-23,14.590574178451073
2014-01-24,18.9081990701106
2014-01-25,16.897405124146587
2014-01-26,25.24913871584977
2014-01-27,25.50977901704145
2014-01-28,27.427404219068777
2014-01-29,
2014-01-30,
2014-01-31,
2014-02-01,22.340866885881265
2014-02-02,13.32605482956969
2014-02-03,20.775922234111746
2014-02-04,27.333575478181487
2014-02-05,32.315918170545864
2014-02-06,27.41726420494658
2014-02-07,16.592172258375403
2014-02-08,18.164220179633066
2014-02-09,20.66079200114872
2014-02-10,25.385897116524
2014-02-11,23.494380293232307
2014-02-12,30.26708163202102
2014-02-13,25.37391038166509
2014-02-14,28.07128105034689
2014-02-15,29.600274645331826
2014-02-16,28.6172832112605
2014-02-17,20.456547382004093
2014-02-18,19.599924855492567
2014-02-19,26.125225496289488
2014-02-20,35.288948812757226
2014-02-21,36.83729659805384
2014-02-22,44.97933036573574
2014-02-23,29.078582496587767
2014-02-24,25.575614477164827
2014-02-25,31.867041977210288
2014-02-26,25.660338384189128
2014-02-27,28.90347002851745
2014-02-28,30.94024884359041
2014-02-29,
2014-02-30,
2014-02-31,
2014-03-01,37.4336448798519
2014-03-02,30.608964840134988
2014-03-03,31.83640873251101
2014-03-04,31.778380020471683
2014-03-05,32.26717833676592
2014-03-06,30.51707058385261
2014-03-07,31.51465936250721
2014-03-08,35.147186630938634
2014-03-09,33.14720113715503
2014-03-10,35.68464499980804
2014-03-11,25.93121290504177
2014-03-12,24.993775202342377
2014-03-13,38.748633464736336
2014-03-14,43.32746840661402
2014-03-15,42.23308840196771
2014-03-16,38.47305694764275
2014-03-17,38.94607153727184
2014-03-18,27.03573393523962
2014-03-19,29.10142383829371
2014-03-20,36.813006369521105
2014-03-21,37.655535185084304
2014-03-22,39.104839693558496
2014-03-23,40.326224601762206
2014-03-24,33.136914826812486
2014-03-25,41.42868877004473
2014-03-26,43.05566596802818
2014-03-27,50.73679129998462
2014-03-28,47.05974031802712
2014-03-29,
2014-03-30,
2014-03-31,
2014-04-01,45.15280923688508
2014-04-02,35.5901507629949
2014-04-03,32.952971822963534
2014-04-04,53.01720314868048
2014-04-05,50.79784457742637
2014-04-06,49.15168943498552
2014-04-07,53.48129145794782
2014-04-08,65.01797609111219
2014-04-09,69.52693159566036
2014-04-10,56.236032004896536
2014-04-11,46.291941898928364
2014-04-12,47.37060672187151
2014-04-13,48.68377205081358
2014-04-14,56.33064021359922
2014-04-15,62.3548876928636
2014-04-16,52.28095029589458
2014-04-17,57.44411055503319
2014-04-18,60.94427840862503
2014-04-19,61.36253502245136
2014-04-20,60.18249294618784
2014-04-21,57.66856238387021
2014-04-22,50.10728556934989
2014-04-23,66.48132933833512
2014-04-24,54.429303937234
2014-04-25,52.09777903555374
2014-04-26,48.69852037501174
2014-04-27,66.92879017441399
2014-04-28,62.00648390234006
2014-04-29,
2014-04-30,
2014-04-31,
2014-05-01,58.33925177560248
2014-05-02,60.77390601899815
2014-05-03,66.50788481044945
2014-05-04,64.36343760086693
2014-05-05,66.42005652606471
2014-05-06,60.19384817164892
2014-05-07,88.73978813587748
2014-05-08,66.02174287151648
2014-05-09,58.58697333261996
2014-05-10,72.70762814541958
2014-05-11,68.6703143313288
2014-05-12,64.19216930323834
2014-05-13,55.815686849824274
2014-05-14,65.0082339412673
2014-05-15,60.982673611950034
2014-05-16,61.60599294332211
2014-05-17,61.189088164393816
2014-05-18,71.33184864766416
2014-05-19,71.20420879319147
2014-05-20,68.86915358756852
2014-05-21,66.01802499706476
2014-05-22,60.99919438523387
2014-05-23,60.513977072381365
2014-05-24,59.539583793215364
2014-05-25,58.99063027589567
2014-05-26,70.09213254948818
2014-05-27,68.14463207856397
2014-05-28,76.90633374867843
2014-05-29,
2014-05-30,
2014-05-31,
2014-06-01,76.22984224853302
2014-06-02,69.67598608572608
2014-06-03,75.8599154825762
2014-06-04,72.83884720020652
2014-06-05,74.76894550465119
2014-06-06,76.8778901479439
2014-06-07,67.04552277148535
2014-06-08,70.98972858594773
2014-06-09,66.15313644550726
2014-06-10,65.55228405031163
2014-06-11,59.5179341872814
2014-06-12,77.03102018573435
2014-06-13,77.87468243067035
2014-06-14,62.92063902584624
2014-06-15,64.57049731683895
2014-06-16,67.19194089925544
2014-06-17,76.46272070349343
2014-06-18,73.58733503187578
2014-06-19,74.72139826292553
2014-06-20,75.9822367180542
2014-06-21,74.87418990811486
2014-06-22,72.08781642249203
2014-06-23,83.02374373321423
2014-06-24,73.95616387256702
2014-06-25,77.20200048490324
2014-06-26,77.85486244284378
2014-06-27,68.89998963071936
2014-06-28,76.22003173832472
2014-06-29,
2014-06-30,
2014-06-31,
2014-07-01,76.01582391787059
2014-07-02,76.38871496398386
2014-07-03,79.53130492431892
2014-07-04,70.70139902103
2014-07-05,68.08412056081535
2014-07-06,67.25854045259696
2014-07-07,69.17738783034295
2014-07-08,74.00483178283845
2014-07-09,81.75015367867447
2014-07-10,76.73430380319985
2014-07-11,71.37909039344724
2014-07-12,84.7540012123388
2014-07-13,72.9163566171227
2014-07-14,69.00012367934913
2014-07-15,68.37960197819596
2014-07-16,67.94673078973963
2014-07-17,73.51205152964168
2014-07-18,73.06521017266145
2014-07-19,73.09668027272488
2014-07-20,80.65725067584579
2014-07-21,81.97304147616939
2014-07-22,70.76649130951314
2014-07-23,71.74152213217494
2014-07-24,76.66832160577006
2014-07-25,81.57225558380267
2014-07-26,84.59012497160053
2014-07-27,73.53904578824985
2014-07-28,81.34565776841967
2014-07-29,
2014-07-30,
2014-07-31,
2014-08-01,67.47898592660243
2014-08-02,69.15540776220247
2014-08-03,74.5519672556532
2014-08-04,71.80950322065172
2014-08-05,73.52650072987726
2014-08-06,75.97735208463548
2014-08-07,80.25603443778722
2014-08-08,75.99665987771905
2014-08-09,80.68076367923135
2014-08-10,75.53742996605943
2014-08-11,74.73552630764817
2014-08-12,78.87438918111079
2014-08-13,67.96208613421953
2014-08-14,61.85201195328208
2014-08-15,66.0662180411612
2014-08-16,65.08130774363849
2014-08-17,71.51265942798008
2014-08-18,75.01532118213505
2014-08-19,70.9981010938542
2014-08-20,74.87846042153085
2014-08-21,69.70202797619477
2014-08-22,58.26398971904143
2014-08-23,55.390478824240894
2014-08-24,60.43228724120187
2014-08-25,67.04082217301955
2014-08-26,70.19218219800986
2014-08-27,70.87810985421164
2014-08-28,69.37460959181246
2014-08-29,
2014-08-30,
2014-08-31,
2014-09-01,73.99539406838505
2014-09-02,66.65060387795816
2014-09-03,66.07988365870746
2014-09-04,59.96135498750541
2014-09-05,58.877763979406005
2014-09-06,68.61140710933854
2014-09-07,67.35525803414312
2014-09-08,66.00144348940863
2014-09-09,60.634540904972496
2014-09-10,66.13045556846916
2014-09-11,65.16098992943634
2014-09-12,66.55126090612454
2014-09-13,57.98068470075272
2014-09-14,61.183214613308365
2014-09-15,56.71128614672125
2014-09-16,57.876737608118276
2014-09-17,56.63582018626653
2014-09-18,58.70305812939579
2014-09-19,62.97631695165367
2014-09-20,58.04033769264564
2014-09-21,67.33799043328146
2014-09-22,66.7524403854614
2014-09-23,70.8831427992495
2014-09-24,61.5862872850296
2014-09-25,65.83301859749606
2014-09-26,64.42462985336695
2014-09-27,56.100275910148106
2014-09-28,54.221541601689125
2014-09-29,
2014-09-30,
2014-09-31,
2014-10-01,55.36168544674828
2014-10-02,59.1737347090066
2014-10-03,69.22323133754567
2014-10-04,57.0275235056608
2014-10-05,58.54665714472079
2014-10-06,55.00832885753716
2014-10-07,56.21255431713689
2014-10-08,61.99922510286814
2014-10-09,64.40398441601066
2014-10-10,53.69973210660842
2014-10-11,49.915035305980254
2014-10-12,69.66346421714442
2014-10-13,61.987816177642316
2014-10-14,56.725840995432385
2014-10-15,58.82954500520583
2014-10-16,51.00665125473804
2014-10-17,45.249429319598114
2014-10-18,52.0252824732472
2014-10-19,60.012210374560546
2014-10-20,58.1681520664531
2014-10-21,54.20103084991229
2014-10-22,51.20848376713639
2014-10-23,47.58692096433546
2014-10-24,56.83962170755794
2014-10-25,56.95394332792254
2014-10-26,55.11622202058361
2014-10-27,53.89865337333826
2014-10-28,55.96693588469275
2014-10-29,
2014-10-30,
2014-10-31,
2014-11-01,44.16704478259936
2014-11-02,52.888883765630894
2014-11-03,45.63280350145691
2014-11-04,33.021531418508424
2014-11-05,36.831225092093476
2014-11-06,36.3011256082621
2014-11-07,49.79040856574872
2014-11-08,47.00032161607007
2014-11-09,45.82820242234197
2014-11-10,45.381356728086125
2014-11-11,36.041766345218576
2014-11-12,34.24365015673358
2014-11-13,35.99623744693883
2014-11-14,31.61953682184009
2014-11-15,31.35274522727343
2014-11-16,38.83516263250824
2014-11-17,33.831771968359604
2014-11-18,41.99018838637136
2014-11-19,39.99800929492899
2014-11-20,38.15028096540619
2014-11-21,42.15283319640745
2014-11-22,44.199423805202684
2014-11-23,28.819293876291308
2014-11-24,29.90743112144697
2014-11-25,39.03032739216975
2014-11-26,31.90747529480895
2014-11-27,35.438115336386815
2014-11-28,38.309934046076286
2014-11-29,
2014-11-30,
2014-11-31,
2014-12-01,26.043023454776726
2014-12-02,34.730115968229505
2014-12-03,32.48718827316885
2014-12-04,27.00991632227913
2014-12-05,29.273404799834967
2014-12-06,22.15175405577799
2014-12-07,25.588489482674564
2014-12-08,21.99991733346816
2014-12-09,17.404517685408333
2014-12-10,22.07678881884851
2014-12-11,20.983284239630823
2014-12-12,25.84839339270081
2014-12-13,31.99799768875123
2014-12-14,31.98681460388805
2014-12-15,35.66692081588761
2014-12-16,34.97805563747158
2014-12-17,27.12204838806984
2014-12-18,20.97246119875698
2014-12-19,21.999374873721017
2014-12-20,27.1465197880083
2014-12-21,28.154656610495014
2014-12-22,22.27387522269969
2014-12-23,11.772987601653078
2014-12-24,10.978230580110777
2014-12-25,15.007260307908645
2014-12-26,14.949850179032547
2014-12-27,21.956992728855305
2014-12-28,29.709118301048466
2014-12-29,
2014-12-30,
2014-12-31,
2015-01-01,24.90961307207335
2015-01-02,21.721174703566827
2015-01-03,22.166966042881064
2015-01-04,16.96875627940406
2015-01-05,19.09267318123997
2015-01-06,22.80085703633142
2015-01-07,22.71354809009434
2015-01-08,29.48479038808068
2015-01-09,24.5341177608622
2015-01-10,28.14410962592356
2015-01-11,20.34089679892997
2015-01-12,24.267351554109307
2015-01-13,24.35941510436417
2015-01-14,25.01141524415988
2015-01-15,24.71029756962709
2015-01-16,29.24195454548571
2015-01-17,32.53389876406382
2015-01-18,32.287029595380304
2015-01-19,32.950971546502586
2015-01-20,25.26760853618932
2015-01-21,19.149300133490392
2015-01-22,15.206685321411298
2015-01-23,15.36585246491412
2015-01-24,18.9078592305468
2015-01-25,16.897424380885525
2015-01-26,25.49664981322669
2015-01-27,25.245303940066734
2015-01-28,27.47713701862877
2015-01-29,
2015-01-30,
2015-01-31,
2015-02-01,22.422044610524694
2015-02-02,14.12457640529454
2015-02-03,20.847975982830405
2015-02-04,27.33358769573173
2015-02-05,32.29772132376649
2015-02-06,27.43622180044297
2015-02-07,16.510401993360823
2015-02-08,18.16422016348948
2015-02-09,20.815298448107992
2015-02-10,24.55927615413579
2015-02-11,23.49428581778977
2015-02-12,29.240794318514734
2015-02-13,25.37390980588193
2015-02-14,27.928831528639048
2015-02-15,29.64218679730154
2015-02-16,28.59125568679375
2015-02-17,20.473083884047266
2015-02-18,19.599883611183863
2015-02-19,26.125225447901613
2015-02-20,35.521693243045135
2015-02-21,37.33348578372173
2015-02-22,44.39039687210968
2015-02-23,28.239353887750987
2015-02-24,25.575292484056448
2015-02-25,31.867049626134467
2015-02-26,25.73314951039479
2015-02-27,28.87691005474977
2015-02-28,31.5289684485739
2015-02-29,
2015-02-30,
2015-02-31,
2015-03-01,37.20919843681197
2015-03-02,30.218297668029017
2015-03-03,31.922857487117057
2015-03-04,31.778390022259288
2015-03-05,32.291255797535165
2015-03-06,30.55512083216742
2015-03-07,31.953574171767645
2015-03-08,35.14718664814248
2015-03-09,33.51273701968221
2015-03-10,34.821166893019736
2015-03-11,25.931284427898426
2015-03-12,24.167449133827876
2015-03-13,38.74863296500318
2015-03-14,43.21161899899818
2015-03-15,42.11129262750379
2015-03-16,38.29193117394793
2015-03-17,38.917747387984406
2015-03-18,27.035702171542226
2015-03-19,29.10142387778811
2015-03-20,36.89251244986252
2015-03-21,36.66920402050539
2015-03-22,38.52125036442333
2015-03-23,39.289317577813065
2015-03-24,33.13662446581236
2015-03-25,41.428673115798794
2015-03-26,42.77276003425799
2015-03-27,50.28606557406115
2015-03-28,47.54019694273243
2015-03-29,
2015-03-30,
2015-03-31,
2015-04-01,45.06440147699996
2015-04-02,33.88034165508717
2015-04-03,33.049803028479765
2015-04-04,53.01720814764902
2015-04-05,50.787427429181136
2015-04-06,49.072406393543005
2015-04-07,53.137887772350645
2015-04-08,65.01797607358465
2015-04-09,68.98548770913064
2015-04-10,55.40482175684685
2015-04-11,46.29185432153579
2015-04-12,45.91619464563698
2015-04-13,48.68377169362547
2015-04-14,56.10115901085801
2015-04-15,62.229937644793104
2015-04-16,52.23581562151414
2015-04-17,57.481750963644025
2015-04-18,60.94429108183528
2015-04-19,61.362534987527845
2015-04-20,59.82702742076018
2015-04-21,56.488028808856924
2015-04-22,49.52988112015174
2015-04-23,69.68685599086425
2015-04-24,54.428969405896865
2015-04-25,52.097769804334156
2015-04-26,48.440368613342066
2015-04-27,66.87133312418217
2015-04-28,61.3759254805675
2015-04-29,
2015-04-30,
2015-04-31,
2015-05-01,58.64427224461155
2015-05-02,63.26408820568013
2015-05-03,66.66090815506473
2015-05-04,64.36343494579407
2015-05-05,66.39523498115476
2015-05-06,60.21847628158101
2015-05-07,88.16883179551638
2015-05-08,66.02174288131877
2015-05-09,58.12136891327325
2015-05-10,72.35590055650405
2015-05-11,68.67040344041186
2015-05-12,62.45485752045461
2015-05-13,55.815686617029364
2015-05-14,64.86164710475187
2015-05-15,61.08149347042146
2015-05-16,61.36664597120485
2015-05-17,61.15301137088584
2015-05-18,71.33180341813008
2015-05-19,71.20420878731161
2015-05-20,68.830878419328
2015-05-21,67.28533114564632
2015-05-22,60.704519629019366
2015-05-23,59.82449719191729
2015-05-24,59.53932795375679
2015-05-25,58.990636354730775
2015-05-26,70.29540856565882
2015-05-27,67.62592931620793
2015-05-28,75.73927838254731
2015-05-29,
2015-05-30,
2015-05-31,
2015-06-01,76.28592136327319
2015-06-02,71.45245223955335
2015-06-03,76.04879074886344
2015-06-04,72.83884202042191
2015-06-05,74.80315696816695
2015-06-06,76.94837938168754
2015-06-07,67.73147636419385
2015-06-08,70.98972858014295
2015-06-09,66.66340897820784
2015-06-10,65.88553221169715
2015-06-11,59.51788121289443
2015-06-12,75.30422263239502
2015-06-13,77.87468224598359
2015-06-14,62.714601890829286
2015-06-15,64.70418133493098
2015-06-16,67.13785785141982
2015-06-17,76.50333346353986
2015-06-18,73.58731491448103
2015-06-19,74.7213982734454
2015-06-20,76.36675271305106
2015-06-21,76.7975946782858
2015-06-22,72.26321301254194
2015-06-23,80.15070804175275
2015-06-24,73.9559420334711
2015-06-25,77.20200748944465
2015-06-26,78.29424516672951
2015-06-27,68.84511889420594
2015-06-28,76.17773468637813
2015-06-29,
2015-06-30,
2015-06-31,
2015-07-01,75.68488540799136
2015-07-02,72.43668840442747
2015-07-03,79.6863600945083
2015-07-04,70.70139589142926
2015-07-05,68.07696168885491
2015-07-06,67.18397139560821
2015-07-07,69.00954036687946
2015-07-08,74.00483178617121
2015-07-09,82.20191446733227
2015-07-10,77.84243126674819
2015-07-11,71.3791339702182
2015-07-12,83.30822960224991
2015-07-13,72.91635651878023
2015-07-14,68.86937158730036
2015-07-15,68.33775769028469
2015-07-16,67.72874174117682
2015-07-17,73.47691429310534
2015-07-18,73.06521273376599
2015-07-19,73.09668026602147
2015-07-20,80.60936646593319
2015-07-21,81.12047188752369
2015-07-22,71.31514841343204
2015-07-23,74.4774336560318
2015-07-24,76.66816054989667
2015-07-25,81.5722540795638
2015-07-26,84.61024257363242
2015-07-27,73.0594278562665
2015-07-28,82.41685886727136
2015-07-29,
2015-07-30,
2015-07-31,
2015-08-01,67.48711073262089
2015-08-02,69.53378428564551
2015-08-03,74.70924912298528
2015-08-04,71.80950249604294
2015-08-05,73.50839786492611
2015-08-06,75.99511643273125
2015-08-07,79.73573507074407
2015-08-08,75.99665987583414
2015-08-09,80.10124934666497
2015-08-10,77.25441785943603
2015-08-11,74.73549501253436
2015-08-12,77.98323252685653
2015-08-13,67.96208608210779
2015-08-14,61.689015233243296
2015-08-15,65.94732186045798
2015-08-16,65.03313944444078
2015-08-17,71.54344907424651
2015-08-18,75.01530726513185
2015-08-19,70.99810109446385
2015-08-20,74.57374105475976
2015-08-21,67.82879960616097
2015-08-22,58.82566701916054
2015-08-23,55.63636393365712
2015-08-24,60.43219851447457
2015-08-25,67.0408195826995
2015-08-26,69.8809600401221
2015-08-27,70.82605967156447
2015-08-28,69.97673857961502
2015-08-29,
2015-08-30,
2015-08-31,
2015-09-01,74.25700564017212
2015-09-02,69.96062848719426
2015-09-03,66.18905097061061
2015-09-04,59.96135549609134
2015-09-05,58.89422635898842
2015-09-06,68.65742270239619
2015-09-07,67.82340081387716
2015-09-08,66.00144349031022
2015-09-09,60.421110159731825
2015-09-10,68.0823167811862
2015-09-11,65.16100864499903
2015-09-12,66.18894767616412
2015-09-13,57.98068467547088
2015-09-14,61.08607713324593
2015-09-15,56.7063003443097
2015-09-16,57.72330668701309
2015-09-17,56.613874419511966
2015-09-18,58.70305445852502
2015-09-19,62.97631695232298
2015-09-20,58.11862555208515
2015-09-21,67.45641193066955
2015-09-22,67.28666721375521
2015-09-23,68.22181968140714
2015-09-24,61.58622409079482
2015-09-25,65.83301847874625
2015-09-26,64.28112291714396
2015-09-27,55.7867802106866
2015-09-28,53.89167574899293
2015-09-29,
2015-09-30,
2015-09-31,
2015-10-01,55.324096016402464
2015-10-02,57.278167021757014
2015-10-03,69.34698008091753
2015-10-04,57.02752413575092
2015-10-05,58.54365406682378
2015-10-06,54.966533945378465
2015-10-07,56.21698778887888
2015-10-08,61.999225102401724
2015-10-09,64.82532179021024
2015-10-10,55.550010872173175
2015-10-11,49.915025472389814
2015-10-12,69.67834345953804
2015-10-13,61.987816162273376
2015-10-14,56.605399457235926
2015-10-15,58.9104458870866
2015-10-16,50.972318365992834
2015-10-17,45.26522171570558
2015-10-18,52.02528260554694
2015-10-19,60.01221037383721
2015-10-20,58.34948075391717
2015-10-21,55.651906725618325
2015-10-22,51.411532522241686
2015-10-23,48.78789666550816
2015-10-24,56.83958089772282
2015-10-25,56.95394413974885
2015-10-26,55.25818253458794
2015-10-27,53.86234249533168
2015-10-28,55.332936465450004
2015-10-29,
2015-10-30,
2015-10-31,
2015-11-01,44.04535547052598
2015-11-02,51.39211132719525
2015-11-03,45.69668653669598
2015-11-04,33.02153161930906
2015-11-05,36.825289336717894
2015-11-06,36.305729176602476
2015-11-07,49.50545553095955
2015-11-08,47.00032161626481
2015-11-09,45.9188094750173
2015-11-10,47.07541527217203
2015-11-11,36.041771215482505
2015-11-12,34.42902082634564
2015-11-13,35.99623744186428
2015-11-14,31.577587788875885
2015-11-15,31.36839179944964
2015-11-16,38.750037309120295
2015-11-17,33.821144468761894
2015-11-18,41.99018616082537
2015-11-19,39.99800929505066
2015-11-20,38.08267666275251
2015-11-21,42.41756905563269
2015-11-22,44.16729564262677
2015-11-23,29.30656309109098
2015-11-24,29.907416111989388
2015-11-25,39.030327545643175
2015-11-26,32.0028153774238
2015-11-27,35.268435631324124
2015-11-28,38.24324361049656
2015-11-29,
2015-11-30,
2015-11-31,
2015-12-01,26.069259635037824
2015-12-02,36.42821539821815
2015-12-03,32.53640141415378
2015-12-04,27.009916346435556
2015-12-05,29.27838832837861
2015-12-06,22.162568420925695
2015-12-07,25.69848792927909
2015-12-08,21.999917333417965
2015-12-09,17.30525451924096
2015-12-10,22.916642734662023
2015-12-11,20.983282294783706
2015-12-12,26.10518112545693
2015-12-13,31.997997686186146
2015-12-14,31.932036320239558
2015-12-15,35.634366658970585
2015-12-16,34.95683445980948
2015-12-17,27.12972154201926
2015-12-18,20.97246090312593
2015-12-19,21.99937487372561
2015-12-20,27.086328207253256
2015-12-21,27.508318850283214
2015-12-22,22.175744176505447
2015-12-23,11.356979797562413
2015-12-24,10.978226728003046
2015-12-25,15.007260240161752
2015-12-26,14.939196236819544
2015-12-27,21.94348342892692
2015-12-28,29.97527559483886
2015-12-29,
2015-12-30,
2015-12-31,
2016-01-01,24.961440685588354
2016-01-02,21.74290056584596
2016-01-03,22.19326315341786
2016-01-04,16.96875625257619
2016-01-05,19.092233027685086
2016-01-06,22.78902079925305
2016-01-07,22.746557595612412
2016-01-08,29.484790388117727
2016-01-09,24.51445162313855
2016-01-10,29.17516128871356
2016-01-11,20.340898092076568
2016-01-12,24.59753279041709
2016-01-13,24.35941510325384
2016-01-14,24.98375107642267
2016-01-15,24.693640290218028
2016-01-16,29.188921552968512
2016-01-17,32.52561388387143
2016-01-18,32.28702954864874
2016-01-19,32.950971546458696
2016-01-20,25.31670359925089
2016-01-21,18.90344744268947
2016-01-22,15.115105569195233
2016-01-23,15.546336557531465
2016-01-24,18.907854590229665
2016-01-25,16.897424338288065
2016-01-26,25.426870711875488
2016-01-27,25.141732442682773
2016-01-28,27.672622641288253
2016-01-29,
2016-01-30,
2016-01-31,
2016-02-01,22.39601898306056
2016-02-02,13.477761905476033
2016-02-03,20.87473818895982
2016-02-04,27.333587649802162
2016-02-05,32.29433400777269
2016-02-06,27.437950692021204
2016-02-07,16.434313049895998
2016-02-08,18.164220163476912
2016-02-09,20.91712169715252
2016-02-10,25.37639954640741
2016-02-11,23.49428479330499
2016-02-12,29.717792718865088
2016-02-13,25.37390980522429
2016-02-14,27.89021459475093
2016-02-15,29.656992967521447
2016-02-16,28.575736166607147
2016-02-17,20.477779082044773
2016-02-18,19.59988332028793
2016-02-19,26.125225447915557
2016-02-20,35.572935745271586
2016-02-21,38.01883590698596
2016-02-22,44.15159872764353
2016-02-23,28.945136766582433
2016-02-24,25.57528809610837
2016-02-25,31.86704966243247
2016-02-26,25.715658713609155
2016-02-27,28.86074775852479
2016-02-28,31.421525691748467
2016-02-29,
2016-02-30,
2016-02-31,
2016-03-01,37.1534473747168
2016-03-02,30.995621315922666
2016-03-03,31.954950019423194
2016-03-04,31.77838999642583
2016-03-05,32.29459032043721
2016-03-06,30.565931073573804
2016-03-07,32.02758280841507
2016-03-08,35.14718664815587
2016-03-09,33.511022796912755
2016-03-10,35.804050673240866
2016-03-11,25.931285203489733
2016-03-12,24.602399378266426
2016-03-13,38.74863296443213
2016-03-14,43.17185259233431
2016-03-15,42.139989033989245
2016-03-16,38.234435841632994
2016-03-17,38.90971325271021
2016-03-18,27.035702086430803
2016-03-19,29.101423877784647
2016-03-20,36.821833253187634
2016-03-21,37.32555595558212
2016-03-22,38.40368117816117
2016-03-23,38.14212480710829
2016-03-24,33.13662049045761
2016-03-25,41.428673166189945
2016-03-26,42.854331866213066
2016-03-27,50.1092913711238
2016-03-28,47.1447295968701
2016-03-29,
2016-03-30,
2016-03-31,
2016-04-01,45.11813608912367
2016-04-02,34.95373263582765
2016-04-03,33.085755072829144
2016-04-04,53.017208145452024
2016-04-05,50.78698023000501
2016-04-06,49.05505604959932
2016-04-07,53.24601217396422
2016-04-08,65.01797607357102
2016-04-09,68.70631621170851
2016-04-10,56.61593586865789
2016-04-11,46.291853371851865
2016-04-12,46.7729558001859
2016-04-13,48.683771693217494
2016-04-14,56.03846821555375
2016-04-15,62.21903501873147
2016-04-16,52.2106052414855
2016-04-17,57.49243713310614
2016-04-18,60.944291019669606
2016-04-19,61.36253498752054
2016-04-20,59.77926823758338
2016-04-21,55.81639205701023
2016-04-22,49.525986483700564
2016-04-23,69.65038384734514
2016-04-24,54.4289648396521
2016-04-25,52.09776979624829
2016-04-26,48.50938241889758
2016-04-27,66.83740393521072
2016-04-28,61.24049525867592
2016-04-29,
2016-04-30,
2016-04-31,
2016-05-01,58.70432186921514
2016-05-02,60.65073587415985
2016-05-03,66.71769920468219
2016-05-04,64.36343496364869
2016-05-05,66.39072742276169
2016-05-06,60.22005132766016
2016-05-07,87.86612567416941
2016-05-08,66.02174288132639
2016-05-09,58.158570098207406
2016-05-10,73.41129961150838
2016-05-11,68.67040440670688
2016-05-12,63.600930028638466
2016-05-13,55.815686616763394
2016-05-14,64.81207146261156
2016-05-15,61.04577031848086
2016-05-16,61.290311605282774
2016-05-17,61.14277729498127
2016-05-18,71.331803126728
2016-05-19,71.20420878731667
2016-05-20,68.95237131943448
2016-05-21,65.92329844826335
2016-05-22,60.85319147411639
2016-05-23,61.525381608386745
2016-05-24,59.539324461457575
2016-05-25,58.99063632541117
2016-05-26,70.23297778485833
2016-05-27,67.42222028843418
2016-05-28,76.19194693946592
2016-05-29,
2016-05-30,
2016-05-31,
2016-06-01,76.19916250986296
2016-06-02,70.98740947548823
2016-06-03,76.11889594535734
2016-06-04,72.83884203866404
2016-06-05,74.80782392860685
2016-06-06,76.96802792828132
2016-06-07,67.79532499018448
2016-06-08,70.98972858013843
2016-06-09,66.88253438117407
2016-06-10,66.33695073284817
2016-06-11,59.51788063844312
2016-06-12,76.59706781914812
2016-06-13,77.87468224577258
2016-06-14,62.657912597125474
2016-06-15,64.70114588411236
2016-06-16,67.10920009775604
2016-06-17,76.51486256962582
2016-06-18,73.58731486270591
2016-06-19,74.72139827344314
2016-06-20,76.389334503424
2016-06-21,77.20009790743963
2016-06-22,72.53473743791487
2016-06-23,78.50102135557434
2016-06-24,73.955939000185
2016-06-25,77.20200748525042
2016-06-26,78.17226599368752
2016-06-27,68.81355126360879
2016-06-28,76.6096731231019
2016-06-29,
2016-06-30,
2016-06-31,
2016-07-01,75.63607719581813
2016-07-02,75.74057674722006
2016-07-03,79.74389139301172
2016-07-04,70.70139589886088
2016-07-05,68.07682358778263
2016-07-06,67.16784528800865
2016-07-07,69.15498216833797
2016-07-08,74.00483178617377
2016-07-09,82.11843544353016
2016-07-10,77.77232070793667
2016-07-11,71.37913444276262
2016-07-12,84.57838912567787
2016-07-13,72.91635651866788
2016-07-14,68.82572112517208
2016-07-15,68.36787182918275
2016-07-16,67.6589029835359
2016-07-17,73.4669460314619
2016-07-18,73.06521270055184
2016-07-19,73.09668026602094
2016-07-20,80.4861313695462
2016-07-21,82.8423070343016
2016-07-22,71.57211084630873
2016-07-23,73.7101418311628
2016-07-24,76.66815835109057
2016-07-25,81.5722540939423
2016-07-26,84.61056820495854
2016-07-27,72.87083906584337
2016-07-28,82.27615311031555
2016-07-29,
2016-07-30,
2016-07-31,
2016-08-01,67.55678619481415
2016-08-02,68.24189789089597
2016-08-03,74.76761257146244
2016-08-04,71.80950249551209
2016-08-05,73.50518313676471
2016-08-06,75.99555912015686
2016-08-07,79.54699817245566
2016-08-08,75.99665987583265
2016-08-09,79.89466354659358
2016-08-10,76.61690994572719
2016-08-11,74.7354946731718
2016-08-12,78.97708697409833
2016-08-13,67.96208608204826
2016-08-14,61.643870307738474
2016-08-15,65.95883239120843
2016-08-16,65.0086999246175
2016-08-17,71.55218904150023
2016-08-18,75.01530718203648
2016-08-19,70.99810109446443
2016-08-20,74.57926971902094
2016-08-21,67.9196036851246
2016-08-22,58.959410295154534
2016-08-23,57.17379935520504
2016-08-24,60.432197302643864
2016-08-25,67.04081958677422
2016-08-26,69.96928317894265
2016-08-27,70.79679179334799
2016-08-28,69.55602143425389
2016-08-29,
2016-08-30,
2016-08-31,
2016-09-01,74.28335646089083
2016-09-02,67.70845548964138
2016-09-03,66.22954790604406
2016-09-04,59.961355493294256
2016-09-05,58.89643707795486
2016-09-06,68.67002765855398
2016-09-07,67.82824663035626
2016-09-08,66.00144349031093
2016-09-09,60.49524693134487
2016-09-10,67.0726288435004
2016-09-11,65.16100884794969
2016-09-12,66.84001621579951
2016-09-13,57.980684675442
2016-09-14,61.05401573124809
2016-09-15,56.68996094361922
2016-09-16,57.673934791026156
2016-09-17,56.6076481512775
2016-09-18,58.703054449130285
2016-09-19,62.97631695232265
2016-09-20,58.1917915680569
2016-09-21,66.14989857119002
2016-09-22,67.3137903300924
2016-09-23,67.47292107557092
2016-09-24,61.58622322724737
2016-09-25,65.83301847525352
2016-09-26,64.31816433190154
2016-09-27,55.6633753023735
2016-09-28,53.770112556082964
2016-09-29,
2016-09-30,
2016-09-31,
2016-10-01,55.27444697494346
2016-10-02,59.41345988179107
2016-10-03,69.39289009818843
2016-10-04,57.02752413366397
2016-10-05,58.5437055685903
2016-10-06,54.957607662952825
2016-10-07,56.32328730868374
2016-10-08,61.99922510240133
2016-10-09,64.95310675743836
2016-10-10,54.42093369439839
2016-10-11,49.91502536575487
2016-10-12,70.14528662754397
2016-10-13,61.98781616225581
2016-10-14,56.5718356228253
2016-10-15,58.897127906358115
2016-10-16,50.95552040866664
2016-10-17,45.26970432010333
2016-10-18,52.025282596583786
2016-10-19,60.01221037383721
2016-10-20,58.33051631254332
2016-10-21,55.25580297497074
2016-10-22,51.34482931550117
2016-10-23,47.963511222022866
2016-10-24,56.839580340440655
2016-10-25,56.95394413774653
2016-10-26,55.2163302897335
2016-10-27,53.84233346806624
2016-10-28,55.548499950981615
2016-10-29,
2016-10-30,
2016-10-31,
2016-11-01,44.039157140651064
2016-11-02,51.968695575649825
2016-11-03,45.720380634687736
2016-11-04,33.021531618879465
2016-11-05,36.824256599523906
2016-11-06,36.30556293380303
2016-11-07,49.43166194658628
2016-11-08,47.00032161626496
2016-11-09,45.85865226979062
2016-11-10,45.922089849903315
2016-11-11,36.0417712682954
2016-11-12,34.54995963284371
2016-11-13,35.996237441858476
2016-11-14,31.56388026141008
2016-11-15,31.373205255023088
2016-11-16,38.72252857814578
2016-11-17,33.818129181986606
2016-11-18,41.990186148377575
2016-11-19,39.998009295050686
2016-11-20,38.04540100571784
2016-11-21,43.12076720648487
2016-11-22,44.066107872604725
2016-11-23,29.995428214633414
2016-11-24,29.907415906960143
2016-11-25,39.03032754611649
2016-11-26,31.976792838030953
2016-11-27,35.20157512607408
2016-11-28,38.41214129855824
2016-11-29,
2016-11-30,
2016-11-31,
2016-12-01,26.088910506442684
2016-12-02,34.9374001452761
2016-12-03,32.5546557776616
2016-12-04,27.009916346518374
2016-12-05,29.279046616109877
2016-12-06,22.16548344605934
2016-12-07,25.68776371963705
2016-12-08,21.999917333417926
2016-12-09,17.28024266635282
2016-12-10,22.29344482261732
2016-12-11,20.983282273693877
2016-12-12,26.11641960665805
2016-12-13,31.99799768618322
2016-12-14,31.916684024553426
2016-12-15,35.642350325175144
2016-12-16,34.946767136150825
2016-12-17,27.131899441729608
2016-12-18,20.972460902330248
2016-12-19,21.99937487372559
2016-12-20,27.09921337589779
2016-12-21,27.832728641648913
2016-12-22,22.12334897778998
2016-12-23,11.337163443813047
2016-12-24,10.978226675377812
2016-12-25,15.007260240403474
2016-12-26,14.942781255691495
2016-12-27,21.936171959042678
2016-12-28,29.955264680101752
2016-12-29,
2016-12-30,
2016-12-31,
2017-01-01,24.961200498965482
2017-01-02,22.020381203474503
2017-01-03,22.20301527677244
2017-01-04,16.968756252705017
2017-01-05,19.092268781585826
2017-01-06,22.786525995432967
2017-01-07,22.78161172564157
2017-01-08,29.48479038811775
2017-01-09,24.5464496765692
2017-01-10,28.348571822078423
2017-01-11,20.340898106099385
2017-01-12,24.538374839259586
2017-01-13,24.35941510325257
2017-01-14,24.974791270561518
2017-01-15,24.69242469095959
2017-01-16,29.171712935800013
2017-01-17,32.52326316689767
2017-01-18,32.287029546715715
2017-01-19,32.950971546458696
2017-01-20,25.33482837752203
2017-01-21,18.675993382476552
2017-01-22,15.090356773405444
2017-01-23,15.233281540863436
2017-01-24,18.907854526853907
2017-01-25,16.89742433827229
2017-01-26,25.446408685019737
2017-01-27,25.10088326428573
2017-01-28,27.5542686236332
2017-01-29,
2017-01-30,
2017-01-31,
2017-02-01,22.38233124195873
2017-02-02,13.93560817566164
2017-02-03,20.884663379007133
2017-02-04,27.333587649945397
2017-02-05,32.29375569408176
2017-02-06,27.43769848296685
2017-02-07,16.42074472823739
2017-02-08,18.16422016347689
2017-02-09,20.938300774985038
2017-02-10,24.66798460382206
2017-02-11,23.494284782195525
2017-02-12,29.57281125694113
2017-02-13,25.373909805223533
2017-02-14,27.87933457951447
2017-02-15,29.651365909303323
2017-02-16,28.568566255994806
2017-02-17,20.47911169166885
2017-02-18,19.59988331875068
2017-02-19,26.125225447915557
2017-02-20,35.55352819654032
2017-02-21,37.46120762017729
2017-02-22,44.130251247056094
2017-02-23,29.44358236497868
2017-02-24,25.57528803616809
2017-02-25,31.86704966223088
2017-02-26,25.71972456557949
2017-02-27,28.85214040345609
2017-02-28,31.356076444248924
2017-02-29,
2017-02-30,
2017-02-31,
2017-03-01,37.15747939811549
2017-03-02,30.04665383567813
2017-03-03,31.966849865328975
2017-03-04,31.778389996473884
2017-03-05,32.29502315449347
2017-03-06,30.56880158455501
2017-03-07,32.00721564324112
2017-03-08,35.14718664815589
2017-03-09,33.46966156283244
2017-03-10,34.87217462346233
2017-03-11,25.9312852119002
2017-03-12,24.432575121501635
2017-03-13,38.748632964431465
2017-03-14,43.159074249780595
2017-03-15,42.139098426104134
2017-03-16,38.215704610156756
2017-03-17,38.90743361047336
2017-03-18,27.03570208617091
2017-03-19,29.101423877784647
2017-03-20,36.804106654885175
2017-03-21,37.59030909321515
2017-03-22,38.428513300909096
2017-03-23,38.37200065285869
2017-03-24,33.136620436154004
2017-03-25,41.4286731661449
2017-03-26,42.83081600996965
2017-03-27,50.03951076858071
2017-03-28,47.26105179563053
2017-03-29,
2017-03-30,
2017-03-31,
2017-04-01,45.1397723303728
2017-04-02,34.43613918888728
2017-04-03,33.099086673439125
2017-04-04,53.017208145413
2017-04-05,50.78708091548031
2017-04-06,49.0514497656441
2017-04-07,53.30780706227947
2017-04-08,65.01797607357102
2017-04-09,68.66094287388843
2017-04-10,55.3242484514413
2017-04-11,46.291853361553535
2017-04-12,46.379160499426135
2017-04-13,48.68377169321702
2017-04-14,56.02071931719805
2017-04-15,62.22781160160879
2017-04-16,52.199222828025505
2017-04-17,57.49547003936277
2017-04-18,60.94429101847028
2017-04-19,61.36253498752054
2017-04-20,59.81246008609804
2017-04-21,56.72591204466511
2017-04-22,49.594348815272454
2017-04-23,68.23806019752729
2017-04-24,54.42896477728302
2017-04-25,52.09776979636047
2017-04-26,48.49097245734022
2017-04-27,66.81959545734065
2017-04-28,61.44704738186292
2017-04-29,
2017-04-30,
2017-04-31,
2017-05-01,58.69450523135704
2017-05-02,63.03506713217407
2017-05-03,66.73875499982856
2017-05-04,64.36343496357121
2017-05-05,66.38997129329003
2017-05-06,60.21941520197156
2017-05-07,87.83464893421865
2017-05-08,66.02174288132639
2017-05-09,58.224063452558916
2017-05-10,72.05377974719258
2017-05-11,68.67040441718535
2017-05-12,63.00312669375082
2017-05-13,55.8156866167631
2017-05-14,64.79625243708585
2017-05-15,61.049471873564464
2017-05-16,61.265346369720405
2017-05-17,61.13987335866943
2017-05-18,71.3318031252622
2017-05-19,71.20420878731667
2017-05-20,68.97200231217434
2017-05-21,65.80050706838942
2017-05-22,60.94669427455066
2017-05-23,62.14060822891465
2017-05-24,59.53932441375277
2017-05-25,58.990636325464465
2017-05-26,70.25194235946394
2017-05-27,67.34174313678395
2017-05-28,76.1869685035537
2017-05-29,
2017-05-30,
2017-05-31,
2017-06-01,76.17154930130039
2017-06-02,70.47696402477365
2017-06-03,76.14488913500823
2017-06-04,72.83884203861052
2017-06-05,74.80841849295365
2017-06-06,76.97317231748328
2017-06-07,67.74928748734449
2017-06-08,70.98972858013843
2017-06-09,66.90823566843122
2017-06-10,65.45325118948573
2017-06-11,59.517880632213796
2017-06-12,75.84322632405888
2017-06-13,77.87468224577236
2017-06-14,62.64179037557904
2017-06-15,64.69527312276297
2017-06-16,67.09651862724748
2017-06-17,76.51813464088573
2017-06-18,73.58731486251153
2017-06-19,74.72139827344314
2017-06-20,76.34949455884727
2017-06-21,75.98079612289614
2017-06-22,72.61858652725509
2017-06-23,79.41306167784657
2017-06-24,73.9559389587514
2017-06-25,77.20200748520317
2017-06-26,78.20595602401394
2017-06-27,68.79719905990913
2017-06-28,76.38036625065546
2017-06-29,
2017-06-30,
2017-06-31,
2017-07-01,75.6508830760135
2017-07-02,73.25628066912599
2017-07-03,79.76521974412232
2017-07-04,70.70139589884971
2017-07-05,68.07694175750275
2017-07-06,67.16454307222092
2017-07-07,69.21096166267577
2017-07-08,74.00483178617377
2017-07-09,82.0368848305703
2017-07-10,77.18096735308364
2017-07-11,71.37913444788686
2017-07-12,83.7519942450065
2017-07-13,72.91635651866774
2017-07-14,68.81187968319784
2017-07-15,68.36270190535346
2017-07-16,67.63597618333503
2017-07-17,73.46411746285467
2017-07-18,73.06521270009758
2017-07-19,73.09668026602094
2017-07-20,80.47584815022509
2017-07-21,82.59352039390544
2017-07-22,71.60447160258184
2017-07-23,72.39161569287654
2017-07-24,76.66815832105661
2017-07-25,81.57225409390296
2017-07-26,84.60880497499812
2017-07-27,72.79627971845444
2017-07-28,82.12727827663807
2017-07-29,
2017-07-30,
2017-07-31,
2017-08-01,67.57452855589436
2017-08-02,70.02274962322268
2017-08-03,74.78925014186017
2017-08-04,71.80950249552275
2017-08-05,73.50465274294264
2017-08-06,75.99478137128584
2017-08-07,79.54247821451222
2017-08-08,75.99665987583265
2017-08-09,79.88080220062827
2017-08-10,76.48961752921895
2017-08-11,74.73549466949177
2017-08-12,78.24788133048175
2017-08-13,67.9620860820482
2017-08-14,61.63097772627228
2017-08-15,65.96192919337831
2017-08-16,64.99807482889508
2017-08-17,71.55466948288739
2017-08-18,75.01530718163585
2017-08-19,70.99810109446443
2017-08-20,74.61366009971907
2017-08-21,68.89274286128641
2017-08-22,58.9424077603615
2017-08-23,57.34164285473136
2017-08-24,60.4321972860905
2017-08-25,67.04081958678246
2017-08-26,69.94422958498511
2017-08-27,70.78181148009546
2017-08-28,69.66068642812034
2017-08-29,
2017-08-30,
2017-08-31,
2017-09-01,74.26831805147691
2017-09-02,68.92888068501644
2017-09-03,66.24456004279666
2017-09-04,59.96135549330546
2017-09-05,58.89671308444666
2017-09-06,68.67328418501123
2017-09-07,67.78617863416274
2017-09-08,66.00144349031093
2017-09-09,60.546855186799895
2017-09-10,67.35282826904367
2017-09-11,65.16100885015048
2017-09-12,66.28568069302736
2017-09-13,57.98068467544195
2017-09-14,61.04390591268939
2017-09-15,56.694131088347156
2017-09-16,57.65766773466643
2017-09-17,56.605881372080965
2017-09-18,58.703054449084355
2017-09-19,62.97631695232265
2017-09-20,58.19236551200158
2017-09-21,66.62317002358435
2017-09-22,67.25904060002554
2017-09-23,68.46582191978652
2017-09-24,61.586223215451724
2017-09-25,65.83301847526738
2017-09-26,64.30868720633443
2017-09-27,55.61455245487127
2017-09-28,53.90619855728774
2017-09-29,
2017-09-30,
2017-09-31,
2017-10-01,55.264484107294656
2017-10-02,57.36753832402825
2017-10-03,69.40990931481173
2017-10-04,57.0275241336697
2017-10-05,58.54378680844062
2017-10-06,54.95580882572049
2017-10-07,56.352428631378146
2017-10-08,61.99922510240133
2017-10-09,64.95433120306465
2017-10-10,54.94327225656321
2017-10-11,49.915025364598506
2017-10-12,69.65214996886593
2017-10-13,61.98781616225581
2017-10-14,56.56221350838692
2017-10-15,58.89633320506239
2017-10-16,50.94833117562563
2017-10-17,45.270976484181865
2017-10-18,52.025282596484615
2017-10-19,60.01221037383721
2017-10-20,58.308014135332726
2017-10-21,54.63060818637364
2017-10-22,51.29435051006636
2017-10-23,47.3049638477216
2017-10-24,56.839580332828476
2017-10-25,56.95394413774663
2017-10-26,55.22859802430578
2017-10-27,53.83220370690032
2017-10-28,55.56267074849632
2017-10-29,
2017-10-30,
2017-10-31,
2017-11-01,44.047718515618534
2017-11-02,52.09255189189787
2017-11-03,45.72916343025781
2017-11-04,33.021531618879905
2017-11-05,36.82408886890678
2017-11-06,36.30523213745946
2017-11-07,49.43741248771077
2017-11-08,47.00032161626496
2017-11-09,45.825980694204816
2017-11-10,46.57948160378374
2017-11-11,36.041771268868104
2017-11-12,34.358868579586435
2017-11-13,35.996237441858476
2017-11-14,31.55957954328041
2017-11-15,31.37127678487794
2017-11-16,38.71343292589149
2017-11-17,33.81727354632127
2017-11-18,41.99018614831967
2017-11-19,39.998009295050686
2017-11-20,38.04816152829088
2017-11-21,42.68355709208282
2017-11-22,44.030917976731175
2017-11-23,29.90176916719325
2017-11-24,29.907415904159517
2017-11-25,39.0303275461134
2017-11-26,31.983862923271584
2017-11-27,35.175105488108805
2017-11-28,38.33306401808468
2017-11-29,
2017-11-30,
2017-11-31,
2017-12-01,26.09190089494789
2017-12-02,36.09722660486915
2017-12-03,32.561422350631965
2017-12-04,27.009916346517635
2017-12-05,29.279127008051372
2017-12-06,22.16622704670563
2017-12-07,25.67460444030216
2017-12-08,21.999917333417926
2017-12-09,17.28178551212627
2017-12-10,22.69675045529873
2017-12-11,20.983282273465196
2017-12-12,26.01490136972979
2017-12-13,31.99799768618322
2017-12-14,31.912267194840922
2017-12-15,35.64203822844677
2017-12-16,34.94251833676391
2017-12-17,27.13251752269001
2017-12-18,20.97246090232512
2017-12-19,21.99937487372559
2017-12-20,27.107507351332536
2017-12-21,28.04938851118937
2017-12-22,22.11498630271572
2017-12-23,11.511591924969444
2017-12-24,10.97822667465898
2017-12-25,15.00726024040319
2017-12-26,14.941610622320106
2017-12-27,21.932507460963425
2017-12-28,29.910111238572245
2017-12-29,
2017-12-30,
2017-12-31,
2018-01-01,24.95678278647676
2018-01-02,21.56966949957475
2018-01-03,22.206629943441662
2018-01-04,16.968756252704534
2018-01-05,19.09228885064929
2018-01-06,22.786031876038948
2018-01-07,22.78829557976099
2018-01-08,29.48479038811775
2018-01-09,24.560695256893425
2018-01-10,28.936680101839922
2018-01-11,20.34089810625145
2018-01-12,24.48462556672483
2018-01-13,24.35941510325257
2018-01-14,24.97199277606858
2018-01-15,24.69353819711052
2018-01-16,29.166003460902754
2018-01-17,32.52259610627341
2018-01-18,32.28702954669729
2018-01-19,32.950971546458696
2018-01-20,25.331675507043013
2018-01-21,18.90169148671177
2018-01-22,15.09187781139303
2018-01-23,15.10169061627143
2018-01-24,18.90785452598822
2018-01-25,16.897424338272728
2018-01-26,25.440944122190075
2018-01-27,25.084701164828054
2018-01-28,27.578236675526995
2018-01-29,
2018-01-30,
2018-01-31,
2018-02-01,22.380896972882947
2018-02-02,13.65896568625958
2018-02-03,20.88834225756332
2018-02-04,27.333587649945034
2018-02-05,32.29366317040731
2018-02-06,27.43748694542325
2018-02-07,16.423990423483314
2018-02-08,18.16422016347689
2018-02-09,20.93495544999485
2018-02-10,25.21488777423205
2018-02-11,23.494284782075056
2018-02-12,29.557216433658137
2018-02-13,25.373909805223533
2018-02-14,27.876194182448195
2018-02-15,29.651986843173827
2018-02-16,28.565577950605487
2018-02-17,20.479489878320926
2018-02-18,19.59988331874373
2018-02-19,26.125225447915557
2018-02-20,35.54539831656032
2018-02-21,37.3205194222949
2018-02-22,44.15095375848325
2018-02-23,29.219121668235026
2018-02-24,25.575288035349327
2018-02-25,31.867049662231288
2018-02-26,25.718821761115926
2018-02-27,28.84786612683239
2018-02-28,31.414662953809852
2018-02-29,
2018-02-30,
2018-02-31,
2018-03-01,37.16322191139472
2018-03-02,31.003313051010327
2018-03-03,31.97126039215705
2018-03-04,31.77838999647387
2018-03-05,32.29507473947196
2018-03-06,30.569524966068002
2018-03-07,31.994719805528185
2018-03-08,35.14718664815589
2018-03-09,33.45428643131847
2018-03-10,35.65089301768032
2018-03-11,25.931285211991405
2018-03-12,24.45759344333925
2018-03-13,38.748632964431465
2018-03-14,43.15509920661748
2018-03-15,42.137896107458666
2018-03-16,38.20946931580546
2018-03-17,38.90678671297387
2018-03-18,27.03570208616879
2018-03-19,29.101423877784647
2018-03-20,36.809681989562456
2018-03-21,37.121676549925326
2018-03-22,38.45241873406985
2018-03-23,38.90916289756653
2018-03-24,33.13662043541225
2018-03-25,41.42867316614464
2018-03-26,42.837568836037434
2018-03-27,50.011851103200655
2018-03-28,47.27995844861147
2018-03-29,
2018-03-30,
2018-03-31,
2018-04-01,45.140976491681386
2018-04-02,34.49894961323509
2018-04-03,33.10402792928956
2018-04-04,53.01720814541326
2018-04-05,50.787119929489116
2018-04-06,49.05074888795
2018-04-07,53.314959844946564
2018-04-08,65.01797607357102
2018-04-09,68.67472455034648
2018-04-10,56.50071613600035
2018-04-11,46.29185336144186
2018-04-12,46.490334629562035
2018-04-13,48.68377169321702
2018-04-14,56.015580868487284
2018-04-15,62.226241309952364
2018-04-16,52.1945319940239
2018-04-17,57.496330753236116
2018-04-18,60.944291018460035
2018-04-19,61.36253498752054
2018-04-20,59.82195126751064
2018-04-21,56.71510510152503
2018-04-22,49.621296019240475
2018-04-23,68.00523275906386
2018-04-24,54.42896477643107
2018-04-25,52.09776979636012
2018-04-26,48.49585508315329
2018-04-27,66.81082726728441
2018-04-28,61.36169652538494
2018-04-29,
2018-04-30,
2018-04-31,
2018-05-01,58.68686968917164
2018-05-02,61.084491598262225
2018-05-03,66.74655875938193
2018-05-04,64.3634349635715
2018-05-05,66.38985206194026
2018-05-06,60.21903553864118
2018-05-07,87.85383537347298
2018-05-08,66.02174288132639
2018-05-09,58.24461820516868
2018-05-10,73.42867094499445
2018-05-11,68.67040441729897
2018-05-12,63.226130177171385
2018-05-13,55.8156866167631
2018-05-14,64.79134941480966
2018-05-15,61.050344828305214
2018-05-16,61.25700915585395
2018-05-17,61.139049298434784
2018-05-18,71.33180312525569
2018-05-19,71.20420878731667
2018-05-20,68.96101521726494
2018-05-21,66.58585797547539
2018-05-22,60.964764177013684
2018-05-23,61.49952480143134
2018-05-24,59.539324413101156
2018-05-25,58.99063632546451
2018-05-26,70.24622635286785
2018-05-27,67.30982521439007
2018-05-28,76.09425744293694
2018-05-29,
2018-05-30,
2018-05-31,
2018-06-01,76.17152856436614
2018-06-02,71.60749270533614
2018-06-03,76.15452290646309
2018-06-04,72.83884203861066
2018-06-05,74.80848744460108
2018-06-06,76.97445357957857
2018-06-07,67.73061031451209
2018-06-08,70.98972858013843
2018-06-09,66.89357925555167
2018-06-10,66.49706311191609
2018-06-11,59.51788063214625
2018-06-12,76.1780449591073
2018-06-13,77.87468224577236
2018-06-14,62.63710993299716
2018-06-15,64.69683343287662
2018-06-16,67.09134538160191
2018-06-17,76.51906322186802
2018-06-18,73.58731486250964
2018-06-19,74.72139827344314
2018-06-20,76.34195627172218
2018-06-21,76.265722900065
2018-06-22,72.61791634113858
2018-06-23,80.29634262312281
2018-06-24,73.95593895818546
2018-06-25,77.20200748520337
2018-06-26,78.19666851629673
2018-06-27,68.78921133273852
2018-06-28,76.41563874739784
2018-06-29,
2018-06-30,
2018-06-31,
2018-07-01,75.65889284921535
2018-07-02,74.85163603258
2018-07-03,79.77312425849986
2018-07-04,70.70139589884971
2018-07-05,68.07697900292118
2018-07-06,67.16391452326215
2018-07-07,69.21304278477368
2018-07-08,74.00483178617377
2018-07-09,82.01542810666784
2018-07-10,78.1130436096815
2018-07-11,71.37913444794239
2018-07-12,84.17088535053742
2018-07-13,72.91635651866774
2018-07-14,68.80760367620634
2018-07-15,68.36245768875652
2018-07-16,67.62829588289493
2018-07-17,73.46331478534525
2018-07-18,73.06521270009408
2018-07-19,73.09668026602094
2018-07-20,80.4881850931468
2018-07-21,81.7593169904546
2018-07-22,71.58566981774898
2018-07-23,72.48385741823172
2018-07-24,76.66815832064633
2018-07-25,81.57225409390296
2018-07-26,84.60976671947877
2018-07-27,72.76669247551432
2018-07-28,82.23880687298819
2018-07-29,
2018-07-30,
2018-07-31,
2018-08-01,67.57336521778205
2018-08-02,68.11939893106003
2018-08-03,74.79726931817689
2018-08-04,71.8095024955227
2018-08-05,73.50457027549284
2018-08-06,75.99439910347338
2018-08-07,79.55864935932718
2018-08-08,75.99665987583265
2018-08-09,79.89845101019559
2018-08-10,77.07961407718031
2018-08-11,74.73549466945188
2018-08-12,78.66225569418991
2018-08-13,67.9620860820482
2018-08-14,61.62722534688431
2018-08-15,65.96061737660729
2018-08-16,64.99378028123378
2018-08-17,71.55537340359852
2018-08-18,75.01530718163411
2018-08-19,70.99810109446443
2018-08-20,74.61739903237735
2018-08-21,68.43923487540458
2018-08-22,58.91955351306941
2018-08-23,56.69829911546808
2018-08-24,60.43219728586438
2018-08-25,67.04081958678239
2018-08-26,69.95131462282438
2018-08-27,70.7745474725832
2018-08-28,69.69137359029784
2018-08-29,
2018-08-30,
2018-08-31,
2018-09-01,74.26213279050762
2018-09-02,68.5577007475702
2018-09-03,66.25012354529278
2018-09-04,59.96135549330539
2018-09-05,58.89674411626078
2018-09-06,68.67408605435125
2018-09-07,67.77405452719739
2018-09-08,66.00144349031093
2018-09-09,60.558071648570774
2018-09-10,67.5628448012299
2018-09-11,65.16100885017433
2018-09-12,66.63745920423565
2018-09-13,57.98068467544195
2018-09-14,61.040791955289365
2018-09-15,56.69393548523035
2018-09-16,57.65220199824393
2018-09-17,56.6053800016853
2018-09-18,58.70305444908389
2018-09-19,62.97631695232265
2018-09-20,58.184329964788475
2018-09-21,67.13575109360745
2018-09-22,67.23457553972972
2018-09-23,68.97289698583836
2018-09-24,61.5862232152906
2018-09-25,65.83301847526738
2018-09-26,64.31108276328247
2018-09-27,55.59516781770941
2018-09-28,53.85677656356265
2018-09-29,
2018-09-30,
2018-09-31,
2018-10-01,55.26601613430327
2018-10-02,59.101262326027225
2018-10-03,69.41621667601416
2018-10-04,57.0275241336697
2018-10-05,58.54380917910778
2018-10-06,54.95547428397497
2018-10-07,56.35068217432822
2018-10-08,61.99922510240133
2018-10-09,64.94061429661062
2018-10-10,54.863617075769824
2018-10-11,49.91502536458597
2018-10-12,70.00450718004271
2018-10-13,61.98781616225581
2018-10-14,56.559406441788866
2018-10-15,58.897181082851716
2018-10-16,50.945449658421666
2018-10-17,45.27133750818119
2018-10-18,52.02528259648389
2018-10-19,60.01221037383721
2018-10-20,58.307267368947116
2018-10-21,55.10120752575015
2018-10-22,51.28293301276153
2018-10-23,47.53829336020024
2018-10-24,56.8395803327245
2018-10-25,56.95394413774663
2018-10-26,55.22501592992013
2018-10-27,53.827325246239326
2018-10-28,55.50943977225121
2018-10-29,
2018-10-30,
2018-10-31,
2018-11-01,44.05050167090369
2018-11-02,51.496415931808826
2018-11-03,45.73241825990639
2018-11-04,33.021531618879905
2018-11-05,36.824063145791655
2018-11-06,36.30508913296957
2018-11-07,49.445826998218664
2018-11-08,47.00032161626496
2018-11-09,45.82033965316258
2018-11-10,46.31185624712386
2018-11-11,36.04177126887432
2018-11-12,34.516408953866595
2018-11-13,35.996237441858476
2018-11-14,31.558258408634238
2018-11-15,31.37150249537189
2018-11-16,38.71036789686779
2018-11-17,33.817030736115925
2018-11-18,41.990186148319395
2018-11-19,39.998009295050686
2018-11-20,38.052637774787
2018-11-21,42.483055552374736
2018-11-22,44.02959376782604
2018-11-23,29.58596231412983
2018-11-24,29.90741590412126
2018-11-25,39.0303275461134
2018-11-26,31.98194789867843
2018-11-27,35.16459052936948
2018-11-28,38.34104042876158
2018-11-29,
2018-11-30,
2018-11-31,
2018-12-01,26.091041022693553
2018-12-02,35.297237864167144
2018-12-03,32.563929994024235
2018-12-04,27.009916346517635
2018-12-05,29.27913572918766
2018-12-06,22.1664081181266
2018-12-07,25.67194213265601
2018-12-08,21.999917333417926
2018-12-09,17.28513782620809
2018-12-10,22.479965301421785
2018-12-11,20.98328227346271
2018-12-12,26.11709496734911
2018-12-13,31.99799768618322
2018-12-14,31.91097590004745
2018-12-15,35.641719261141034
2018-12-16,34.94082836514493
2018-12-17,27.132692925613146
2018-12-18,20.972460902325057
2018-12-19,21.99937487372559
2018-12-20,27.1071288455655
2018-12-21,27.782384476047373
2018-12-22,22.118115112194424
2018-12-23,11.551636639628706
2018-12-24,10.978226674649159
2018-12-25,15.00726024040319
2018-12-26,14.941984407081607
2018-12-27,21.930753885600023
2018-12-28,29.939180512930733
2018-12-29,
2018-12-30,
2018-12-31,
2019-01-01,24.955635597595855
2019-01-02,22.08859647562349
2019-01-03,22.20796948140485
2019-01-04,16.968756252704534
2019-01-05,19.09229386821652
2019-01-06,22.78594235243681
2019-01-07,22.786908089756444
2019-01-08,29.48479038811775
2019-01-09,24.56251081354484
2019-01-10,28.569588244081984
2019-01-11,20.34089810625311
2019-01-12,24.56140581060729
2019-01-13,24.35941510325257
2019-01-14,24.971135187587727
2019-01-15,24.69333070816104
2019-01-16,29.164074094751417
2019-01-17,32.52240680885183
2019-01-18,32.287029546697156
2019-01-19,32.950971546458696
2019-01-20,25.32926891505707
2019-01-21,18.93201690494194
2019-01-22,15.095474911227322
2019-01-23,15.211816052635696
2019-01-24,18.907854525976397
2019-01-25,16.897424338272728
2019-01-26,25.44246833506398
2019-01-27,25.078269651796013
2019-01-28,27.58989859953668
2019-01-29,
2019-01-30,
2019-01-31,
2019-02-01,22.381666417290397
2019-02-02,13.773771409712536
2019-02-03,20.88970559394974
2019-02-04,27.333587649945034
2019-02-05,32.29364917180128
2019-02-06,27.437403556225718
2019-02-07,16.426145834749708
2019-02-08,18.16422016347689
2019-02-09,20.93134732596372
2019-02-10,24.83635805582873
2019-02-11,23.494284782073755
2019-02-12,29.62395971996209
2019-02-13,25.373909805223533
2019-02-14,27.87527425130091
2019-02-15,29.652115299242315
2019-02-16,28.564397638299962
2019-02-17,20.479597202223204
2019-02-18,19.599883318743693
2019-02-19,26.125225447915557
2019-02-20,35.54651841375876
2019-02-21,37.67941706295089
2019-02-22,44.161563300670366
2019-02-23,28.964417592436753
2019-02-24,25.57528803533814
2019-02-25,31.867049662231288
2019-02-26,25.719007802577405
2019-02-27,28.845832935965554
2019-02-28,31.396147673337435
2019-02-29,
2019-02-30,
2019-02-31,
2019-03-01,37.16440113084389
2019-03-02,30.15411423957342
2019-03-03,31.97289483542919
2019-03-04,31.77838999647387
2019-03-05,32.29508010515872
2019-03-06,30.56969919702992
2019-03-07,31.993132103082672
2019-03-08,35.14718664815589
2019-03-09,33.45307704689453
2019-03-10,35.06477474718154
2019-03-11,25.931285211992396
2019-03-12,24.490490577094164
2019-03-13,38.748632964431465
2019-03-14,43.153883734963244
2019-03-15,42.138228834761854
2019-03-16,38.20735655386691
2019-03-17,38.90660313695468
2019-03-18,27.035702086168772
2019-03-19,29.101423877784647
2019-03-20,36.812350574321385
2019-03-21,37.171816901686775
2019-03-22,38.458647035164496
2019-03-23,38.904148225497735
2019-03-24,33.13662043540211
2019-03-25,41.42867316614464
2019-03-26,42.835634793662464
2019-03-27,50.00085247810743
2019-03-28,47.24504324440485
2019-03-29,
2019-03-30,
2019-03-31,
2019-04-01,45.139478225216074
2019-04-02,34.75874290996613
2019-04-03,33.105859049777834
2019-04-04,53.01720814541326
2019-04-05,50.78712899479639
2019-04-06,49.05062563973643
2019-04-07,53.3112300558649
2019-04-08,65.01797607357102
2019-04-09,68.68494559180637
2019-04-10,55.54404857658352
2019-04-11,46.29185336144065
2019-04-12,46.51098505998714
2019-04-13,48.68377169321702
2019-04-14,56.01407291433289
2019-04-15,62.22618545049651
2019-04-16,52.192691077852885
2019-04-17,57.496575010836935
2019-04-18,60.94429101845998
2019-04-19,61.36253498752054
2019-04-20,59.81947429322479
2019-04-21,56.22439069586945
2019-04-22,49.62339831119196
2019-04-23,68.56950920261953
2019-04-24,54.42896477641945
2019-04-25,52.09776979636012
2019-04-26,48.49456730636725
2019-04-27,66.80667969675149
2019-04-28,61.36521066914485
2019-04-29,
2019-04-30,
2019-04-31,
2019-05-01,58.685675760399846
2019-05-02,62.48848726674837
2019-05-03,66.74945061763525
2019-05-04,64.3634349635715
2019-05-05,66.3898342629416
2019-05-06,60.21889600772018
2019-05-07,87.86207361308138
2019-05-08,66.02174288132639
2019-05-09,58.245094437069035
2019-05-10,72.21730882856178
2019-05-11,68.6704044173002
2019-05-12,63.200726326744004
2019-05-13,55.8156866167631
2019-05-14,64.7898531607826
2019-05-15,61.049952515505886
2019-05-16,61.254176800578286
2019-05-17,61.13881544685352
2019-05-18,71.33180312525569
2019-05-19,71.20420878731667
2019-05-20,68.95745132375416
2019-05-21,66.32724028441544
2019-05-22,60.96037057968842
2019-05-23,61.12223527871738
2019-05-24,59.53932441309227
2019-05-25,58.99063632546451
2019-05-26,70.24793677122781
2019-05-27,67.29712724143567
2019-05-28,76.14635809915843
2019-05-29,
2019-05-30,
2019-05-31,
2019-06-01,76.17384041228878
2019-06-02,70.1852594902454
2019-06-03,76.1580929140964
2019-06-04,72.83884203861066
2019-06-05,74.80849426303938
2019-06-06,76.97475886262255
2019-06-07,67.72967782018299
2019-06-08,70.98972858013843
2019-06-09,66.88521129246715
2019-06-10,65.48672203471045
2019-06-11,59.5178806321455
2019-06-12,76.0899456994545
2019-06-13,77.87468224577236
2019-06-14,62.635734107991674
2019-06-15,64.69674838836268
2019-06-16,67.08932708250781
2019-06-17,76.51932673865007
2019-06-18,73.58731486250964
2019-06-19,74.72139827344314
2019-06-20,76.34541368604593
2019-06-21,76.8083570974365
2019-06-22,72.60745289761162
2019-06-23,80.05305976876636
2019-06-24,73.9559389581777
2019-06-25,77.20200748520337
2019-06-26,78.19922145856512
2019-06-27,68.78545275528276
2019-06-28,76.44440189026159
2019-06-29,
2019-06-30,
2019-06-31,
2019-07-01,75.6597667358718
2019-07-02,74.05042197892722
2019-07-03,79.77605341792352
2019-07-04,70.70139589884971
2019-07-05,68.07698717022163
2019-07-06,67.16380775742688
2019-07-07,69.2084440161711
2019-07-08,74.00483178617377
2019-07-09,82.01638107807135
2019-07-10,77.0880179838436
2019-07-11,71.37913444794303
2019-07-12,84.0201283898076
2019-07-13,72.91635651866774
2019-07-14,68.80630111147039
2019-07-15,68.36277140831928
2019-07-16,67.62568012847517
2019-07-17,73.4630870013746
2019-07-18,73.06521270009408
2019-07-19,73.09668026602094
2019-07-20,80.49088493620522
2019-07-21,82.23708875887473
2019-07-22,71.57446170911456
2019-07-23,73.0692008684071
2019-07-24,76.66815832064074
2019-07-25,81.57225409390296
2019-07-26,84.60936672436708
2019-07-27,72.7549161919507
2019-07-28,82.20867187310131
2019-07-29,
2019-07-30,
2019-07-31,
2019-08-01,67.57156843303132
2019-08-02,69.8799567726458
2019-08-03,74.80024096249187
2019-08-04,71.8095024955227
2019-08-05,73.50455812836313
2019-08-06,75.99426619736899
2019-08-07,79.56355813951706
2019-08-08,75.99665987583265
2019-08-09,79.90663608832888
2019-08-10,76.27646387528522
2019-08-11,74.73549466945141
2019-08-12,78.48251046042763
2019-08-13,67.9620860820482
2019-08-14,61.62612065006515
2019-08-15,65.96077967814324
2019-08-16,64.99211387207171
2019-08-17,71.55557316500926
2019-08-18,75.01530718163411
2019-08-19,70.99810109446443
2019-08-20,74.61406211501131
2019-08-21,68.09868565150228
2019-08-22,58.91278104615662
2019-08-23,56.51281853072784
2019-08-24,60.43219728586126
2019-08-25,67.04081958678239
2019-08-26,69.94931552624847
2019-08-27,70.77114630278724
2019-08-28,69.65243182671709
2019-08-29,
2019-08-30,
2019-08-31,
2019-09-01,74.26176028753792
2019-09-02,68.2899646159793
2019-09-03,66.2521851794718
2019-09-04,59.96135549330539
2019-09-05,58.89674699888385
2019-09-06,68.67427507438978
2019-09-07,67.77457501292758
2019-09-08,66.00144349031093
2019-09-09,60.55657215098338
2019-09-10,67.07290420234686
2019-09-11,65.16100885017457
2019-09-12,66.46244736277363
2019-09-13,57.98068467544195
2019-09-14,61.039844920430326
2019-09-15,56.693776718124646
2019-09-16,57.65033596674353
2019-09-17,56.6052377225136
2019-09-18,58.70305444908389
2019-09-19,62.97631695232265
2019-09-20,58.18324996898132
2019-09-21,66.66512988479077
2019-09-22,67.23176698916863
2019-09-23,68.62797472137677
2019-09-24,61.5862232152884
2019-09-25,65.83301847526738
2019-09-26,64.3104859551063
2019-09-27,55.58744880880454
2019-09-28,53.85534758574497
2019-09-29,
2019-09-30,
2019-09-31,
2019-10-01,55.26725720547803
2019-10-02,57.78316537416749
2019-10-03,69.4185539514786
2019-10-04,57.0275241336697
2019-10-05,58.54381385789542
2019-10-06,54.955419737931074
2019-10-07,56.347502990682685
2019-10-08,61.99922510240133
2019-10-09,64.93531309234554
2019-10-10,54.65495796884854
2019-10-11,49.91502536458583
2019-10-12,69.80769785602878
2019-10-13,61.98781616225581
2019-10-14,56.55857889255974
2019-10-15,58.89701663372971
2019-10-16,50.944337131917905
2019-10-17,45.271439960880834
2019-10-18,52.02528259648389
2019-10-19,60.01221037383721
2019-10-20,58.309664675257686
2019-10-21,55.246237478701836
2019-10-22,51.284652145622644
2019-10-23,47.86564255291115
2019-10-24,56.839580332723074
2019-10-25,56.95394413774663
2019-10-26,55.22605773179279
2019-10-27,53.825051665077545
2019-10-28,55.53577432778408
2019-10-29,
2019-10-30,
2019-10-31,
2019-11-01,44.05051848847096
2019-11-02,52.35230433298127
2019-11-03,45.73362437227251
2019-11-04,33.021531618879905
2019-11-05,36.82405940749197
2019-11-06,36.30504161440979
2019-11-07,49.447632030519244
2019-11-08,47.00032161626496
2019-11-09,45.82183519371803
2019-11-10,46.29937751744882
2019-11-11,36.04177126887439
2019-11-12,34.418230196358145
2019-11-13,35.996237441858476
2019-11-14,31.5578572108193
2019-11-15,31.371543423669557
2019-11-16,38.709319038710014
2019-11-17,33.81696183122568
2019-11-18,41.990186148319395
2019-11-19,39.998009295050686
2019-11-20,38.05289827576293
2019-11-21,42.80177546246357
2019-11-22,44.03336018533281
2019-11-23,29.570148482495604
2019-11-24,29.90741590412075
2019-11-25,39.0303275461134
2019-11-26,31.982464653483554
2019-11-27,35.16040155135991
2019-11-28,38.35327080341664
2019-11-29,
2019-11-30,
2019-11-31,
2019-12-01,26.09056278693565
2019-12-02,35.74514610331083
2019-12-03,32.564859225366895
2019-12-04,27.009916346517635
2019-12-05,29.279136476946586
2019-12-06,22.166450346170958
2019-12-07,25.672418885344943
2019-12-08,21.999917333417926
2019-12-09,17.28622951090811
2019-12-10,22.55090606779389
2019-12-11,20.98328227346268
2019-12-12,26.045622790183398
2019-12-13,31.99799768618322
2019-12-14,31.91059472858755
2019-12-15,35.641811273257574
2019-12-16,34.94017889533197
2019-12-17,27.13274270204245
2019-12-18,20.972460902325057
2019-12-19,21.99937487372559
2019-12-20,27.106162251147648
2019-12-21,27.775324919500214
2019-12-22,22.12034290950753
2019-12-23,11.482601056481993
2019-12-24,10.978226674649024
2019-12-25,15.00726024040319
2019-12-26,14.941867080796785
2019-12-27,21.929940228468666
2019-12-28,29.932662662304374
2019-12-29,
2019-12-30,
2019-12-31,
2020-01-01,24.955703186149787
2020-01-02,21.5845127716998
2020-01-03,22.20846585800819
2020-01-04,16.968756252704534
2020-01-05,19.092294876818684
2020-01-06,22.78592846029343
2020-01-07,22.785904969589858
2020-01-08,29.48479038811775
2020-01-09,24.56161492055201
2020-01-10,28.749283309374704
2020-01-11,20.34089810625312
2020-01-12,24.49987913925076
2020-01-13,24.35941510325257
2020-01-14,24.97087510696721
2020-01-15,24.693325607802983
2020-01-16,29.16341238139892
2020-01-17,32.5223530898188
2020-01-18,32.287029546697156
2020-01-19,32.950971546458696
2020-01-20,25.329313632000336
2020-01-21,18.79658696317613
2020-01-22,15.096681664689608
2020-01-23,15.28882596142659
2020-01-24,18.907854525976237
2020-01-25,16.897424338272728
2020-01-26,25.442044168146246
2020-01-27,25.07570630612317
2020-01-28,27.57842921209514
2020-01-29,
2020-01-30,
2020-01-31,
2020-02-01,22.381990150862702
2020-02-02,13.784136796813815
2020-02-03,20.89021078727564
2020-02-04,27.333587649945034
2020-02-05,32.29364716489006
2020-02-06,27.43737687686533
2020-02-07,16.426444286256064
2020-02-08,18.16422016347689
2020-02-09,20.930359267099817
2020-02-10,25.05917119820173
2020-02-11,23.494284782073745
2020-02-12,29.559639471165198
2020-02-13,25.373909805223533
2020-02-14,27.875002383768077
2020-02-15,29.652053809038424
2020-02-16,28.563945972862072
2020-02-17,20.479627658935907
2020-02-18,19.599883318743693
2020-02-19,26.125225447915557
2020-02-20,35.54756047967978
2020-02-21,37.60737631467924
2020-02-22,44.163148945696506
2020-02-23,29.01533437011848
2020-02-24,25.575288035337987
2020-02-25,31.867049662231288
2020-02-26,25.718974562740165
2020-02-27,28.84489345250373
2020-02-28,31.39401387643584
2020-02-29,
2020-02-30,
2020-02-31,
2020-03-01,37.16423071994446
2020-03-02,30.824049150738567
2020-03-03,31.97350048775705
2020-03-04,31.77838999647387
2020-03-05,32.2950805183044
2020-03-06,30.569739395102022
2020-03-07,31.99384604939177
2020-03-08,35.14718664815589
2020-03-09,33.45432550416268
2020-03-10,35.452902843905726
2020-03-11,25.93128521199241
2020-03-12,24.447388331794386
2020-03-13,38.748632964431465
2020-03-14,43.1535155677255
2020-03-15,42.13820823350176
2020-03-16,38.206630379454495
2020-03-17,38.906551041510745
2020-03-18,27.035702086168772
2020-03-19,29.101423877784647
2020-03-20,36.81207058057206
2020-03-21,37.40479138840101
2020-03-22,38.45814761775681
2020-03-23,38.66975621409043
2020-03-24,33.13662043540198
2020-03-25,41.42867316614464
2020-03-26,42.836187143166754
2020-03-27,49.99646693792933
2020-03-28,47.26029546234352
2020-03-29,
2020-03-30,
2020-03-31,
2020-04-01,45.13898121635477
2020-04-02,34.30669758455683
2020-04-03,33.10653757897239
2020-04-04,53.01720814541326
2020-04-05,50.78713075619432
2020-04-06,49.05060765330797
2020-04-07,53.30953328072274
2020-04-08,65.01797607357102
2020-04-09,68.68726739782917
2020-04-10,56.23767975637328
2020-04-11,46.29185336144063
2020-04-12,46.450630840968415
2020-04-13,48.68377169321702
2020-04-14,56.013626791758355
2020-04-15,62.22627634055435
2020-04-16,52.19198941165375
2020-04-17,57.49664432697882
2020-04-18,60.94429101845998
2020-04-19,61.36253498752054
2020-04-20,59.818109732568786
2020-04-21,56.43248924714809
2020-04-22,49.620932903554774
2020-04-23,68.77210022934413
2020-04-24,54.428964776419285
2020-04-25,52.09776979636012
2020-04-26,48.49490474397753
2020-04-27,66.80477074359456
2020-04-28,61.38122158280267
2020-04-29,
2020-04-30,
2020-04-31,
2020-05-01,58.6860010775398
2020-05-02,61.62252503763549
2020-05-03,66.75052220657072
2020-05-04,64.3634349635715
2020-05-05,66.38983174628956
2020-05-06,60.21885278660813
2020-05-07,87.86258736984442
2020-05-08,66.02174288132639
2020-05-09,58.242994870473176
2020-05-10,73.16876208179646
2020-05-11,68.6704044173002
2020-05-12,63.149473881900775
2020-05-13,55.8156866167631
2020-05-14,64.78940044521684
2020-05-15,61.0500036778456
2020-05-16,61.253201280530384
2020-05-17,61.138749084106465
2020-05-18,71.33180312525569
2020-05-19,71.20420878731667
2020-05-20,68.95821721803439
2020-05-21,66.00775750657327
2020-05-22,60.95647288790046
2020-05-23,61.33016270115323
2020-05-24,59.53932441309218
2020-05-25,58.99063632546451
2020-05-26,70.24742811916579
2020-05-27,67.29206191812479
2020-05-28,76.13715624835255
2020-05-29,
2020-05-30,
2020-05-31,
2020-06-01,76.17445311986134
2020-06-02,71.64249153642295
2020-06-03,76.15941578739589
2020-06-04,72.83884203861066
2020-06-05,74.80849471293514
2020-06-06,76.97482853614618
2020-06-07,67.73114510126679
2020-06-08,70.98972858013843
2020-06-09,66.88368416499675
2020-06-10,66.34584585260478
2020-06-11,59.5178806321455
2020-06-12,76.0651733543134
2020-06-13,77.87468224577236
2020-06-14,62.63532667723773
2020-06-15,64.69669183348343
2020-06-16,67.08856063431881
2020-06-17,76.51940152018055
2020-06-18,73.58731486250964
2020-06-19,74.72139827344314
2020-06-20,76.3466859806032
2020-06-21,76.42830346089477
2020-06-22,72.60348682148249
2020-06-23,79.62751970346633
2020-06-24,73.95593895817757
2020-06-25,77.20200748520337
2020-06-26,78.19852163186215
2020-06-27,68.78372928141795
2020-06-28,76.42113380568563
2020-06-29,
2020-06-30,
2020-06-31,
2020-07-01,75.6593253383465
2020-07-02,74.197106766538
2020-07-03,79.7771388240334
2020-07-04,70.70139589884971
2020-07-05,68.0769887108323
2020-07-06,67.16379335869907
2020-07-07,69.20697475854463
2020-07-08,74.00483178617377
2020-07-09,82.01911830002449
2020-07-10,78.04021065459473
2020-07-11,71.37913444794303
2020-07-12,84.03147348226075
2020-07-13,72.91635651866774
2020-07-14,68.80590739540796
2020-07-15,68.36270810310928
2020-07-16,67.62477742021457
2020-07-17,73.46302236047296
2020-07-18,73.06521270009408
2020-07-19,73.09668026602094
2020-07-20,80.48985995221673
2020-07-21,82.49236453391893
2020-07-22,71.57241233536145
2020-07-23,73.13349083361561
2020-07-24,76.66815832064069
2020-07-25,81.57225409390296
2020-07-26,84.60951513658756
2020-07-27,72.75021652896034
2020-07-28,82.2017977420301
2020-07-29,
2020-07-30,
2020-07-31,
2020-08-01,67.57119124292434
2020-08-02,68.4243301832239
2020-08-03,74.80134210570095
2020-08-04,71.8095024955227
2020-08-05,73.50455643507108
2020-08-06,75.99422616798823
2020-08-07,79.56342616807015
2020-08-08,75.99665987583265
2020-08-09,79.90776220244258
2020-08-10,77.11122473600929
2020-08-11,74.73549466945141
2020-08-12,78.52571569291287
2020-08-13,67.9620860820482
2020-08-14,61.625793217388924
2020-08-15,65.96080541490532
2020-08-16,64.99148321542928
2020-08-17,71.55562985383818
2020-08-18,75.01530718163411
2020-08-19,70.99810109446443
2020-08-20,74.61322590189923
2020-08-21,68.4841450461581
2020-08-22,58.91294019516099
2020-08-23,56.75652383474453
2020-08-24,60.432197285861214
2020-08-25,67.04081958678239
2020-08-26,69.94987821301457
2020-08-27,70.7695922282858
2020-08-28,69.6674239212843
2020-08-29,
2020-08-30,
2020-08-31,
2020-09-01,74.26218098253379
2020-09-02,68.97086575890394
2020-09-03,66.25294911936854
2020-09-04,59.96135549330539
2020-09-05,58.89674714752971
2020-09-06,68.67431774097861
2020-09-07,67.77584016925489
2020-09-08,66.00144349031093
2020-09-09,60.55476396300931
2020-09-10,67.67640554894169
2020-09-11,65.16100885017457
2020-09-12,66.52255761434877
2020-09-13,57.98068467544195
2020-09-14,61.03955892882292
2020-09-15,56.69382450373117
2020-09-16,57.64969076396383
2020-09-17,56.605197346286154
2020-09-18,58.70305444908389
2020-09-19,62.97631695232265
2020-09-20,58.18400325495056
2020-09-21,66.5817945396403
2020-09-22,67.23365568030134
2020-09-23,68.3480391613396
2020-09-24,61.58622321528836
2020-09-25,65.83301847526738
2020-09-26,64.3106319117968
2020-09-27,55.584367015709674
2020-09-28,53.8665281579257
2020-09-29,
2020-09-30,
2020-09-31,
2020-10-01,55.26745659380598
2020-10-02,58.6471615515065
2020-10-03,69.41942002562732
2020-10-04,57.0275241336697
2020-10-05,58.54381471762245
2020-10-06,54.955413123037346
2020-10-07,56.346781671694146
2020-10-08,61.99922510240133
2020-10-09,64.93483683046314
2020-10-10,55.01797430481455
2020-10-11,49.91502536458583
2020-10-12,69.89039880234553
2020-10-13,61.98781616225581
2020-10-14,56.55833340594585
2020-10-15,58.89701430150782
2020-10-16,50.94391743146834
2020-10-17,45.27146903517286
2020-10-18,52.02528259648389
2020-10-19,60.01221037383721
2020-10-20,58.31005065935749
2020-10-21,54.93006489280546
2020-10-22,51.286705955876805
2020-10-23,47.822109919498395
2020-10-24,56.839580332723074
2020-10-25,56.95394413774663
2020-10-26,55.22575581625959
2020-10-27,53.824016301290044
2020-10-28,55.53246378933547
2020-10-29,
2020-10-30,
2020-10-31,
2020-11-01,44.050289321963575
2020-11-02,51.419718071731644
2020-11-03,45.734071296547185
2020-11-04,33.021531618879905
2020-11-05,36.82405889396915
2020-11-06,36.30502765220493
2020-11-07,49.447355346122855
2020-11-08,47.00032161626496
2020-11-09,45.823023797057246
2020-11-10,46.485601271139146
2020-11-11,36.04177126887439
2020-11-12,34.46585957279497
2020-11-13,35.996237441858476
2020-11-14,31.55773615506381
2020-11-15,31.371522456885423
2020-11-16,38.70895572094972
2020-11-17,33.81694227727173
2020-11-18,41.990186148319395
2020-11-19,39.998009295050686
2020-11-20,38.052435431833494
2020-11-21,42.77891061494137
2020-11-22,44.03497847176631
2020-11-23,29.703598965861826
2020-11-24,29.907415904120732
2020-11-25,39.0303275461134
2020-11-26,31.982325758875483
2020-11-27,35.15872841466364
2020-11-28,38.34485503928417
2020-11-29,
2020-11-30,
2020-11-31,
2020-12-01,26.090508574962648
2020-12-02,35.59219020268993
2020-12-03,32.56520354952746
2020-12-04,27.009916346517635
2020-12-05,29.27913650067407
2020-12-06,22.166459771524767
2020-12-07,25.67279735707821
2020-12-08,21.999917333417926
2020-12-09,17.28626901750987
2020-12-10,22.580034223964656
2020-12-11,20.98328227346268
2020-12-12,26.08466412327388
2020-12-13,31.99799768618322
2020-12-14,31.91048157223501
2020-12-15,35.641804909255036
2020-12-16,34.93993460805889
2020-12-17,27.132756827722396
2020-12-18,20.972460902325057
2020-12-19,21.99937487372559
2020-12-20,27.10608189655953
2020-12-21,27.922752246034587
2020-12-22,22.120824180847865
2020-12-23,11.453126207101224
2020-12-24,10.978226674649024
2020-12-25,15.00726024040319
2020-12-26,14.941903408603174
2020-12-27,21.929570881785864
2020-12-28,29.930135393236995
2020-12-29,
2020-12-30,
2020-12-31,
2021-01-01,24.9558173354595
2021-01-02,22.01725588737527
2021-01-03,22.208649789578924
2021-01-04,16.968756252704534
2021-01-05,19.092295057838573
2021-01-06,22.78592701422768
2021-01-07,22.78575468211011
2021-01-08,29.48479038811775
2021-01-09,24.561076248937017
2021-01-10,28.709115886388684
2021-01-11,20.34089810625312
2021-01-12,24.5374006045232
2021-01-13,24.35941510325257
2021-01-14,24.970796690526853
2021-01-15,24.693337069774998
2021-01-16,29.163182766981066
2021-01-17,32.52233784533102
2021-01-18,32.287029546697156
2021-01-19,32.950971546458696
2021-01-20,25.32958582106862
2021-01-21,18.836045874463906
2021-01-22,15.096710912588856
2021-01-23,15.254494032021485
2021-01-24,18.907854525976237
2021-01-25,16.897424338272728
2021-01-26,25.442161917525862
2021-01-27,25.074682046656037
2021-01-28,27.582292909811848
2021-01-29,
2021-01-30,
2021-01-31,
2021-02-01,22.382011119675283
2021-02-02,13.687904089009265
2021-02-03,20.890397984737838
2021-02-04,27.333587649945034
2021-02-05,32.29364689338232
2021-02-06,27.437369208962256
2021-02-07,16.426327903838487
2021-02-08,18.16422016347689
2021-02-09,20.93038705575784
2021-02-10,24.96141127617209
2021-02-11,23.494284782073745
2021-02-12,29.60358895373281
2021-02-13,25.373909805223533
2021-02-14,27.874921620744033
2021-02-15,29.652062241035576
2021-02-16,28.563776555132602
2021-02-17,20.479636302016285
2021-02-18,19.599883318743693
2021-02-19,26.125225447915557
2021-02-20,35.547568243224674
2021-02-21,37.44222176717274
2021-02-22,44.162471688013156
2021-02-23,29.1346560325492
2021-02-24,25.575288035337987
2021-02-25,31.867049662231288
2021-02-26,25.718978557647524
2021-02-27,28.844468286493463
2021-02-28,31.399083412669015
2021-02-29,
2021-02-30,
2021-02-31,
2021-03-01,37.16408670674626
2021-03-02,30.355498361709376
2021-03-03,31.973724910751663
2021-03-04,31.77838999647387
2021-03-05,32.295080519327385
2021-03-06,30.569748264410325
2021-03-07,31.994191058449502
2021-03-08,35.14718664815589
2021-03-09,33.45492979660261
2021-03-10,35.23686650085201
2021-03-11,25.93128521199241
2021-03-12,24.480968499545625
2021-03-13,38.748632964431465
2021-03-14,43.153404638451406
2021-03-15,42.13819676593343
2021-03-16,38.20637797480085
2021-03-17,38.90653625776514
2021-03-18,27.035702086168772
2021-03-19,29.101423877784647
2021-03-20,36.81173959371836
2021-03-21,37.281031241883795
2021-03-22,38.457196780145225
2021-03-23,38.63036088677817
2021-03-24,33.13662043540198
2021-03-25,41.42867316614464
2021-03-26,42.83602981224973
2021-03-27,49.99471385065901
2021-03-28,47.25923784662202
2021-03-29,
2021-03-30,
2021-03-31,
2021-04-01,45.13897562533195
2021-04-02,34.83957601003318
2021-04-03,33.106789004744925
2021-04-04,53.01720814541326
2021-04-05,50.78713106563517
2021-04-06,49.05060618653757
2021-04-07,53.309406885614464
2021-04-08,65.01797607357102
2021-04-09,68.68700873276556
2021-04-10,55.79508628673987
2021-04-11,46.29185336144063
2021-04-12,46.50651421086593
2021-04-13,48.68377169321702
2021-04-14,56.01349418046564
2021-04-15,62.22625726509941
2021-04-16,52.19172689731203
2021-04-17,57.496663997679434
2021-04-18,60.94429101845998
2021-04-19,61.36253498752054
2021-04-20,59.81821144050468
2021-04-21,56.612659585840504
2021-04-22,49.6197234433545
2021-04-23,68.56241961724278
2021-04-24,54.428964776419285
2021-04-25,52.09776979636012
2021-04-26,48.49481697720529
2021-04-27,66.8039093468759
2021-04-28,61.37166239885023
2021-04-29,
2021-04-30,
2021-04-31,
2021-05-01,58.68618726198535
2021-05-02,62.0051777417933
2021-05-03,66.75091928045411
2021-05-04,64.3634349635715
2021-05-05,66.38983141122962
2021-05-06,60.21884060964197
2021-05-07,87.86196847410706
2021-05-08,66.02174288132639
2021-05-09,58.242151331674926
2021-05-10,72.49907831467918
2021-05-11,68.6704044173002
2021-05-12,63.211893364380636
2021-05-13,55.8156866167631
2021-05-14,64.78926412656884
2021-05-15,61.05001074445223
2021-05-16,61.252861664216994
2021-05-17,61.138730251555
2021-05-18,71.33180312525569
2021-05-19,71.20420878731667
2021-05-20,68.95870882242184
2021-05-21,66.27937126460647
2021-05-22,60.95549941649651
2021-05-23,61.530982420056105
2021-05-24,59.53932441309218
2021-05-25,58.99063632546451
2021-05-26,70.24757854759946
2021-05-27,67.29003627237964
2021-05-28,76.13126150391477
2021-05-29,
2021-05-30,
2021-05-31,
2021-06-01,76.17442099221624
2021-06-02,70.3337931447808
2021-06-03,76.15990597076829
2021-06-04,72.83884203861066
2021-06-05,74.80849469250097
2021-06-06,76.97484372684893
2021-06-07,67.73163872962785
2021-06-08,70.98972858013843
2021-06-09,66.88403653564639
2021-06-10,65.68950851626938
2021-06-11,59.5178806321455
2021-06-12,76.1217542661563
2021-06-13,77.87468224577236
2021-06-14,62.63520549812207
2021-06-15,64.69670961357004
2021-06-16,67.08827457254664
2021-06-17,76.51942274185912
2021-06-18,73.58731486250964
2021-06-19,74.72139827344314
2021-06-20,76.34646398850194
2021-06-21,76.29113063120133
2021-06-22,72.60322508890363
2021-06-23,79.65665545768591
2021-06-24,73.95593895817757
2021-06-25,77.20200748520337
2021-06-26,78.19871290841078
2021-06-27,68.78295373279559
2021-06-28,76.42789841593941
2021-06-29,
2021-06-30,
2021-06-31,
2021-07-01,75.659135340554
2021-07-02,74.52166819205974
2021-07-03,79.77754101715226
2021-07-04,70.70139589884971
2021-07-05,68.07698897622114
2021-07-06,67.16379263203342
2021-07-07,69.20699186095221
2021-07-08,74.00483178617377
2021-07-09,82.02004361113272
2021-07-10,77.25417522349883
2021-07-11,71.37913444794303
2021-07-12,84.07212125411742
2021-07-13,72.91635651866774
2021-07-14,68.80578890963112
2021-07-15,68.36270783066112
2021-07-16,67.62446267041722
2021-07-17,73.46300401654774
2021-07-18,73.06521270009408
2021-07-19,73.09668026602094
2021-07-20,80.48943126778582
2021-07-21,82.1267711056621
2021-07-22,71.57298268104047
2021-07-23,72.89060962467713
2021-07-24,76.66815832064069
2021-07-25,81.57225409390296
2021-07-26,84.60946346097712
2021-07-27,72.74833635838918
2021-07-28,82.21192274849054
2021-07-29,
2021-07-30,
2021-07-31,
2021-08-01,67.57124237288873
2021-08-02,69.48836915386582
2021-08-03,74.80175012747614
2021-08-04,71.8095024955227
2021-08-05,73.50455621341581
2021-08-06,75.99421509348123
2021-08-07,79.56293576069734
2021-08-08,75.99665987583265
2021-08-09,79.90727894309343
2021-08-10,76.36300223061876
2021-08-11,74.73549466945141
2021-08-12,78.54314998275366
2021-08-13,67.9620860820482
2021-08-14,61.62569578076771
2021-08-15,65.96079122552578
2021-08-16,64.99124836416084
2021-08-17,71.55564594112549
2021-08-18,75.01530718163411
2021-08-19,70.99810109446443
2021-08-20,74.6134896889889
2021-08-21,68.50974217321817
2021-08-22,58.91382550707378
2021-08-23,56.8806460217652
2021-08-24,60.432197285861214
2021-08-25,67.04081958678239
2021-08-26,69.9497202063187
2021-08-27,70.76889475645075
2021-08-28,69.66735696342867
2021-08-29,
2021-08-30,
2021-08-31,
2021-09-01,74.26232342675243
2021-09-02,68.0858476328733
2021-09-03,66.2532321939984
2021-09-04,59.96135549330539
2021-09-05,58.89674712686572
2021-09-06,68.67432692903762
2021-09-07,67.77614335994008
2021-09-08,66.00144349031093
2021-09-09,60.554249165686684
2021-09-10,67.07909851754133
2021-09-11,65.16100885017457
2021-09-12,66.52066832405248
2021-09-13,57.98068467544195
2021-09-14,61.039472906372225
2021-09-15,56.69382085895752
2021-09-16,57.6494654693856
2021-09-17,56.60518588823785
2021-09-18,58.70305444908389
2021-09-19,62.97631695232265
2021-09-20,58.184218164323816
2021-09-21,66.87093186904265
2021-09-22,67.23472800065166
2021-09-23,68.44679695364987
2021-09-24,61.58622321528836
2021-09-25,65.83301847526738
2021-09-26,64.31059707538903
2021-09-27,55.583133608139455
2021-09-28,53.860669948400975
2021-09-29,
2021-09-30,
2021-09-31,
2021-10-01,55.267405115743706
2021-10-02,58.19696762102446
2021-10-03,69.41974094352882
2021-10-04,57.0275241336697
2021-10-05,58.5438148630461
2021-10-06,54.955413092851934
2021-10-07,56.346875243018324
2021-10-08,61.99922510240133
2021-10-09,64.93524508023275
2021-10-10,54.60500499322442
2021-10-11,49.91502536458583
2021-10-12,69.87248404929555
2021-10-13,61.98781616225581
2021-10-14,56.558260319872964
2021-10-15,58.89702297515112
2021-10-16,50.94376146706475
2021-10-17,45.27147728594204
2021-10-18,52.02528259648389
2021-10-19,60.01221037383721
2021-10-20,58.309833966126966
2021-10-21,54.982039159717175
2021-10-22,51.287291409384686
2021-10-23,47.67248695324973
2021-10-24,56.839580332723074
2021-10-25,56.95394413774663
2021-10-26,55.22584301737686
2021-10-27,53.82355280203643
2021-10-28,55.52874617892136
2021-10-29,
2021-10-30,
2021-10-31,
2021-11-01,44.050227348441744
2021-11-02,52.2942344766528
2021-11-03,45.73423690220766
2021-11-04,33.021531618879905
2021-11-05,36.82405882795087
2021-11-06,36.30502385356552
2021-11-07,49.44711166606632
2021-11-08,47.00032161626496
2021-11-09,45.823305681068106
2021-11-10,46.21457763624829
2021-11-11,36.04177126887439
2021-11-12,34.450260868566644
2021-11-13,35.996237441858476
2021-11-14,31.55769976024499
2021-11-15,31.37152547372509
2021-11-16,38.708828678349754
2021-11-17,33.81693672821025
2021-11-18,41.990186148319395
2021-11-19,39.998009295050686
2021-11-20,38.052348029728975
2021-11-21,42.6152120532213
2021-11-22,44.03514637764732
2021-11-23,29.734287150745352
2021-11-24,29.907415904120732
2021-11-25,39.0303275461134
2021-11-26,31.982362930407714
2021-11-27,35.15805852142724
2021-11-28,38.346917367674656
2021-11-29,
2021-11-30,
2021-11-31,
2021-12-01,26.090534388567143
2021-12-02,35.520706534294966
2021-12-03,32.56533113634338
2021-12-04,27.009916346517635
2021-12-05,29.279136491021976
2021-12-06,22.166461775150886
2021-12-07,25.67285837885945
2021-12-08,21.999917333417926
2021-12-09,17.286162877111448
2021-12-10,22.49194740456935
2021-12-11,20.98328227346268
2021-12-12,26.06874425183149
2021-12-13,31.99799768618322
2021-12-14,31.91044786877993
2021-12-15,35.64180189823232
2021-12-16,34.93984400736484
2021-12-17,27.132760836339887
2021-12-18,20.972460902325057
2021-12-19,21.99937487372559
2021-12-20,27.106178784984532
2021-12-21,27.86557624237513
2021-12-22,22.120739370621013
2021-12-23,11.477645285309036
2021-12-24,10.978226674649024
2021-12-25,15.00726024040319
2021-12-26,14.941892285278065
2021-12-27,21.929405936811598
2021-12-28,29.932898506166268
2021-12-29,
2021-12-30,
2021-12-31,
